-999.9899902,-999.9899902,-999.9899902,-999.9899902,-999.9899902,-999.9899902,-999.9899902,-999.9899902,-999.9899902,-999.9899902,-999.9899902,-999.9899902,-999.9899902,-999.9899902,-999.9899902,-999.9899902,-999.9899902,-999.9899902,-999.9899902,-999.9899902,-999.9899902,-999.9899902,-999.9899902,-999.9899902,-999.9899902,-999.9899902,-999.9899902,-999.9899902,-999.9899902,-999.9899902,-999.9899902,-999.9899902,-999.9899902,-999.9899902,-999.9899902,-999.9899902,-999.9899902,-999.9899902,-999.9899902,-999.9899902,-999.9899902,-999.9899902,-999.9899902,-999.9899902,-999.9899902,-999.9899902,-999.9899902,-999.9899902,-999.9899902,70
-999.9899902,-999.9899902,-999.9899902,-999.9899902,-999.9899902,93.03504944,92.8660965,92.58978271,92.25535583,91.86077118,91.5368042,91.14356232,90.6926651,90.18946838,89.63672638,89.03594208,88.43331909,87.83023834,87.22786713,86.62724304,86.04024506,85.4535675,84.86858368,84.28634644,83.70761108,83.13294983,82.56269073,81.99703217,81.43599701,80.87950134,80.32733154,79.77920532,79.23473358,78.6934967,78.15499878,77.61872864,77.08411407,76.55059814,76.01760101,75.48451996,74.95076752,74.41574097,73.87882996,73.33940125,72.7967453,72.25009918,71.69852448,71.14083099,70.57542419,70
-999.9899902,-999.9899902,-999.9899902,-999.9899902,93.29738617,93.1203537,92.88878632,92.59630585,92.2364502,91.91660309,91.56115723,91.15535736,90.698349,90.19155884,89.63637543,89.03376007,88.42967224,87.82537842,87.22200012,86.62051392,86.03278351,85.44550323,84.86004639,84.27745819,83.69850922,83.12374115,82.55351257,81.9879837,81.42717743,80.87099457,80.31921387,79.77153015,79.22755432,78.6868515,78.14891052,77.61319733,77.07915497,76.54621124,76.0137558,75.48119354,74.94793701,74.41336823,73.87687683,73.33781433,72.79550171,72.24915314,71.69784546,71.14038849,70.57520294,70
-999.9899902,-999.9899902,-999.9899902,93.55719757,93.39117432,93.17608643,92.91518402,92.5921402,92.29676056,91.96360779,91.5905838,91.17241669,90.70714569,90.19455719,89.63504791,89.02900696,88.42210388,87.81545258,87.21007538,86.60691071,86.01770782,85.42921448,84.84280396,84.25952148,83.68013763,83.10518646,82.53501129,81.96975708,81.40943146,80.85388947,80.30290222,79.7561264,79.21315765,78.67352295,78.13670349,77.6021347,77.06925201,76.53743744,76.00608063,75.47457886,74.94231415,74.40866089,73.87300873,73.33470154,72.7930603,72.24729919,71.69651031,71.13952637,70.5747757,70
-999.9899902,-999.9899902,93.78171539,93.64048767,93.45046997,93.21627808,92.92653656,92.65707397,92.3507309,92.0056076,91.61974335,91.19056702,90.71651459,90.19694519,89.63176727,89.02101898,88.41013336,87.80006409,87.1917572,86.58610535,85.99471283,85.40440369,84.81655121,84.23222351,83.65219116,83.07698822,82.50691986,81.94212341,81.38253784,80.82800293,80.27823639,79.73286438,79.19143677,78.65345001,78.11833954,77.58553314,77.05439758,76.52431488,75.99464417,75.46474457,74.93397522,74.40171814,73.86732483,73.33014679,72.789505,72.24462128,71.69459534,71.13829041,70.57416534,70
-999.9899902,93.93894196,93.84070587,93.68965912,93.49044037,93.23555756,92.99323273,92.71508026,92.39899445,92.04338837,91.64673615,91.20749664,90.7245636,90.19732666,89.62552643,89.00902557,88.39311981,87.77867126,87.16657257,86.55767059,85.96334839,85.37059021,84.78079987,84.19506836,83.61418152,83.0386734,82.46881104,81.90467834,81.34616852,80.79304504,80.24498749,79.70155334,79.16225433,78.62652588,78.09377289,77.56336212,77.03462982,76.5069046,75.97951508,75.45178223,74.92305756,74.39266968,73.85997009,73.32430267,72.78497314,72.24123383,71.69219971,71.1367569,70.57341003,70
-999.9899902,93.95533752,93.87023926,93.72138214,93.51032257,93.29953003,93.05221558,92.76688385,92.44224548,92.07720947,91.67073822,91.22190857,90.73000336,90.19457245,89.61536407,88.99221039,88.37036133,87.75064087,87.13391876,86.52101898,85.92299652,85.32713318,84.73488617,84.14736938,83.56541443,82.98958588,82.42008209,81.85690308,81.29985046,80.74862671,80.20281982,79.6619339,79.12540436,78.59262085,78.06291199,77.53559113,77.00994873,76.48526001,75.96080017,75.43585968,74.90972137,74.38171387,73.85115814,73.31736755,72.77967072,72.23731995,71.68946075,71.13502502,70.57256317,70
-999.9899902,93.97503662,93.89414215,93.74023438,93.5682373,93.35674286,93.10543823,92.81382751,92.48132324,92.10738373,91.69147491,91.23312378,90.73197174,90.18778992,89.60043335,88.96977234,88.3411026,87.71524811,87.09309387,86.4754715,85.8729248,85.27323151,84.67791748,84.08817291,83.50491333,82.92882538,82.35993195,81.79808807,81.24298859,80.69422913,80.15131378,79.61366272,79.0806427,78.55155182,78.02565765,77.5022049,76.98040771,76.45948792,75.93865967,75.4171524,74.89421844,74.36912537,73.84116364,73.30963898,72.77387238,72.23313141,71.6865921,71.13323975,70.57170868,70
-999.9899902,93.99964142,93.91655731,93.79169464,93.62264252,93.41030884,93.15518951,92.85747528,92.51721954,92.13439178,91.70892334,91.2407608,90.72987366,90.1762619,89.57995605,88.94093323,88.30455017,87.67170715,87.04331207,86.42023468,85.81221771,85.20785522,84.60877228,84.01626587,83.4312973,82.85522461,82.28733063,81.72735596,81.17481995,80.62921906,80.08994293,79.55632019,79.02762604,78.50308228,77.98186493,77.46313477,76.94602966,76.42970276,75.91327667,75.39592743,74.87683868,74.35523224,73.83035278,73.30149078,72.76793671,72.22898865,71.68385315,71.13159943,70.57093811,70
-999.9899902,94.03318024,93.96380615,93.84452057,93.6771698,93.46321869,93.20373535,92.89948273,92.55102539,92.15882874,91.72325897,91.24464417,90.72327423,90.15940094,89.55324554,88.90490723,88.25988007,87.61915588,86.98368835,86.35440063,85.7397995,85.129776,84.52603149,83.93016052,83.34346008,82.76731873,82.20094299,81.64360046,81.09438324,80.55278015,80.01802826,79.48936462,78.96596527,78.44693756,77.9313736,77.41833496,76.90687561,76.39603424,75.8848877,75.37249756,74.85797882,74.34049225,73.81921387,73.29340363,72.76233673,72.22532654,71.68161774,71.13036346,70.57039642,70
-999.9899902,94.07927704,94.0182724,93.90252686,93.73516846,93.51823425,93.25325775,92.94145203,92.58385468,92.18136597,91.73474884,91.24471283,90.71183777,90.13665771,89.51957703,88.86088562,88.2062149,87.55664825,86.91325378,86.27696228,85.65437317,85.03781128,84.42912292,83.82985687,83.24138641,82.6651001,82.10012054,81.54556274,81.00049591,80.46394348,79.93473816,79.41213226,78.89512634,78.38273621,77.87394714,77.36771393,76.86297607,76.3586731,75.85377502,75.34725189,74.83812714,74.32545471,73.80835724,73.28601837,72.75770569,72.22271729,71.68035889,71.12988281,70.57027435,70
-999.9899902,94.14379883,94.08480072,93.96929169,93.79963684,93.5778656,93.3057785,92.98493958,92.6167984,92.20265198,91.7436676,91.2408905,90.69522858,90.10746002,89.47823334,88.80801392,88.14257813,87.48313904,86.83093262,86.18707275,85.55556488,84.93195343,84.31799316,83.71518707,83.12490082,82.5484848,81.98497009,81.43336487,80.89260101,80.36155701,79.8390274,79.32380676,78.81446838,78.31002808,77.80931091,77.3111496,76.81437683,76.31781006,75.82028961,75.32067871,74.81787872,74.31082916,73.7985611,73.28017426,72.75485992,72.22192383,71.68073273,71.13063049,70.57081604,70
-999.9899902,94.22475433,94.16517639,94.04734802,93.87309265,93.64438629,93.36318207,93.03141022,92.65089417,92.22332764,91.7502594,91.23309326,90.67305756,90.07121277,89.42839813,88.74533844,88.06806183,87.39794922,86.7363205,86.08437347,85.44313049,84.81186676,84.19223785,83.58569336,82.99356079,82.41711426,81.8553009,81.30699921,80.77098083,80.24597168,79.73059845,79.22348022,78.72314453,78.22820282,77.73707581,77.24846649,76.7611084,76.27365112,75.78482819,75.29335785,74.79798889,74.29753113,73.79084778,73.27693176,72.75489807,72.22399139,71.68361664,71.13327026,70.57237244,70
-999.9899902,94.32272339,94.26115417,94.13899231,93.957901,93.71990967,93.42726898,93.08224487,92.68708038,92.24390411,91.75466919,91.22112274,90.64485168,90.02727509,89.36953735,88.67250061,87.98238373,87.30071259,86.62892914,85.96833801,85.31647491,84.67685699,84.05108643,83.44055939,82.84654999,82.2702713,81.71055603,81.16610718,80.63552856,80.11734009,79.60998535,79.11186981,78.62136078,78.13686371,77.65672302,77.17936707,76.70315552,76.2264328,75.7478714,75.26599121,74.7793808,74.28666687,73.78651428,73.27773285,72.75927734,72.23030853,71.69024658,71.13871765,70.57546234,70
-999.9899902,94.43972015,94.37506104,94.24671173,94.05644989,93.80659485,93.49976349,93.13873291,92.72621918,92.26480865,91.75694275,91.20488739,90.61058044,89.97566986,89.30152893,88.58918762,87.88506317,87.19084167,86.50810242,85.83824158,85.17469025,84.52586365,83.89334106,83.27851868,82.68262482,82.10680389,81.54972839,81.00992584,80.48577118,79.97551727,79.47737122,78.98948669,78.51003265,78.03720093,77.56917572,77.10420227,76.64050293,76.17631531,75.70991516,75.23940277,74.76317596,74.27966309,73.78723145,73.28443146,72.76998138,72.242836,71.70235443,71.14830017,70.58078766,70
-999.9899902,94.57883453,94.50999451,94.37348938,94.1714325,93.90666962,93.58242035,93.2020874,92.76902771,92.28653717,91.75757599,91.18476105,90.57034302,89.91623688,89.22400665,88.49486542,87.7754364,87.06756592,86.37297058,85.69315338,85.01652527,84.35733795,83.71725464,83.0976944,82.49989319,81.9249115,81.37124634,80.83717346,80.32076263,79.81994629,79.33259583,78.85658264,78.38981628,77.9302597,77.47590637,77.02482605,76.57508087,76.12474823,75.67189026,75.21453094,74.75068665,74.27830505,73.79514313,73.2995224,72.789711,72.26429749,71.722435,71.16395569,70.58944702,70
-999.9899902,94.74420929,94.6699295,94.52289581,94.30588531,94.02257538,93.67700958,93.27364349,92.81668854,92.31000519,91.75706482,91.16088104,90.52400208,89.84858704,89.13638306,88.38877869,87.65260315,86.92985535,86.22240448,85.53188324,84.84027863,84.16915131,83.52033997,82.89540863,82.29562378,81.72196198,81.17272949,80.64585876,80.13898468,79.64958954,79.17512512,78.71310425,78.26113129,77.81690979,77.37825012,76.94301605,76.50912476,76.07448578,75.63698578,75.19442749,74.74453735,74.28490448,73.81298065,73.32627106,72.82218933,72.29857635,71.75416565,71.18862152,70.60309601,70
-999.9899902,94.94126129,94.85990143,94.69931793,94.46333313,94.15698242,93.78578949,93.35522461,92.87038422,92.33585358,91.75561523,91.13308716,90.47111511,89.77205658,89.03781891,88.26991272,87.51537323,86.77638245,86.05498505,85.35294342,84.64368439,83.95832825,83.29908752,82.66779327,82.06582642,81.49411774,80.95072174,80.43306732,79.93814087,79.4628067,79.00395966,78.55865479,78.12413788,77.69785309,77.27740479,76.86049652,76.44489288,76.02835846,75.60860443,75.18321228,74.74958801,74.30491638,73.84609985,73.36982727,72.87262726,72.35123444,71.80308533,71.22686005,70.62438965,70
-999.9899902,95.17700958,95.08630371,94.90808105,94.6481781,94.31352997,93.91132355,93.44841766,92.93095398,92.36431122,91.75301361,91.10084534,90.41088867,89.68565369,88.92713928,88.13694,87.3622818,86.60553741,85.86896515,85.15451813,84.42366791,83.7206955,83.04846191,82.40927887,81.80475616,81.23577881,80.70018005,80.19456482,79.71492767,79.25720215,78.81752777,78.39240265,77.97870636,77.57360077,77.17449951,76.7789917,76.38471985,75.98934174,75.59042358,75.18535614,74.7712326,74.34477997,73.90219879,73.43914795,72.950737,72.43182373,71.87780762,71.28598785,70.65779114,70
-999.9899902,95.46068573,95.3573761,95.15625,94.86585999,94.49591064,94.05588531,93.55435181,92.99868774,92.39505768,91.74851227,91.06311035,90.34210205,89.58802795,88.80288696,87.98827362,87.19155121,86.41532135,85.6621933,84.9344101,84.17602539,83.45032501,82.76122284,82.11177826,81.50401306,80.93865967,80.41375732,79.92433167,79.46468353,79.02935791,78.61351776,78.21302795,77.82435608,77.44444275,77.0705719,76.70024109,76.33107758,75.96067047,75.58653259,75.20590973,74.81564331,74.41201019,73.99046326,73.54535675,73.06982422,72.55578613,71.99475861,71.38010406,70.71141052,70
-999.9899902,95.80514526,95.68453979,95.45246887,95.12220001,94.70756531,94.22110748,93.67340088,93.07308197,92.42703247,91.74068451,91.01826477,90.26303101,89.47741699,88.6632843,87.82203674,87.00109863,86.20336914,85.43201447,84.68990326,83.8947525,83.13856506,82.42668152,81.76335144,81.15055847,80.59014893,80.08071899,79.61388397,79.1809845,78.77462006,78.38873291,78.0185318,77.66014862,77.31039429,76.96650696,76.62602997,76.28661346,75.94593048,75.60151672,75.25061035,74.8899231,74.51541138,74.12182617,73.70220184,73.24716949,72.74437714,72.17857361,71.53411865,70.80288696,70
-999.9899902,96.22871399,96.08242035,95.806633,95.42288971,94.95108795,94.40747833,93.80472565,93.15249634,92.4581604,91.72725677,90.963974,90.17139435,89.35168457,88.50630188,87.63621521,86.78865051,85.96681976,85.17498779,84.41749573,83.57083893,82.77249908,82.02866364,81.34342194,80.7212677,80.17008209,79.68537903,79.2514801,78.8551712,78.48672485,78.13876343,77.80602264,77.48452759,77.17108917,76.86307526,76.55817413,76.2542572,75.9491806,75.64065552,75.32608795,75.00231171,74.66522217,74.30922699,73.92633057,73.50473022,73.0267868,72.4668045,71.790802,70.96631622,70
-999.9899902,96.75786591,96.56985474,96.22927094,95.77236176,95.22709656,94.6135025,93.94572449,93.23383331,92.48513794,91.70492554,90.89706421,90.06426239,89.20822906,88.32977295,87.4289093,86.55199432,85.70238495,84.8863678,84.11188507,83.1884613,82.33031464,81.53790283,80.8150177,80.17697906,79.64715576,79.20466614,78.82064819,78.47576141,78.15739441,77.85761261,77.57135773,77.2950058,77.0255661,76.76074219,76.49858856,76.23731995,75.97515106,75.71018982,75.44023132,75.16251373,74.8733902,74.56759644,74.23711395,73.86895752,73.44115448,72.9155426,72.22692871,71.2780304,70
-999.9899902,97.43462372,97.17032623,96.72922516,96.17137146,95.5326004,94.83466339,94.09140778,93.31211853,92.50321198,91.66924286,90.81341553,89.93792725,89.04395294,88.13135529,87.19863892,86.28929138,85.40596771,84.55749512,83.76081848,82.7131958,81.77519226,80.91383362,80.12624359,79.44918823,78.9701767,78.60453033,78.29833221,78.02565765,77.77378082,77.53594971,77.30813599,77.08751678,76.8718338,76.65952301,76.44921875,76.23969269,76.02970123,75.81793213,75.60284424,75.38249969,75.15425873,74.91420746,74.65608978,74.36893463,74.03179169,73.60118103,72.97847748,71.93086243,70
-999.9899902,98.33648682,97.90937042,97.30812836,96.61349487,95.85923767,95.06278229,94.23435211,93.38056946,92.50609589,91.61420441,90.70718384,89.78655243,88.85306549,87.90634155,86.94341278,85.9986496,85.07243347,84.1738739,83.33286285,82.07447815,81.06063843,80.10943604,79.20040131,78.39089966,78.06251526,77.83974457,77.65102386,77.47809601,77.31433105,77.15657806,77.00305176,76.8525238,76.70420837,76.5574646,76.41173553,76.26651764,76.12130737,75.97557831,75.82873535,75.67999268,75.52828217,75.37205505,75.20877838,75.03399658,74.83891296,74.60216522,74.25341797,73.46389771,70
-999.9899902,97.41895294,97.15470886,96.71387482,96.15657043,95.51831818,94.82072449,94.07790375,93.29917145,92.49077606,91.65723419,90.80177307,89.92651367,89.03258514,88.11997986,87.1871109,86.27796173,85.3950119,84.54719543,83.75227356,82.69929504,81.7589798,80.89550781,80.10535431,79.42572784,78.94654083,78.5815506,78.27610779,78.00417328,77.75286102,77.51522064,77.28708649,77.06575775,76.84928894,76.63613892,76.42500305,76.21468353,76.00400543,75.79173279,75.57642365,75.35613251,75.12817383,74.88868713,74.6314621,74.34564972,74.01065063,73.58313751,72.9642868,71.92190552,70
-999.9899902,96.72825623,96.54024506,96.19969177,95.74281311,95.19757843,94.58422089,93.91716766,93.20636749,92.45869446,91.67946625,90.87264252,90.04084015,89.18566895,88.30792999,87.40770721,86.53189087,85.6836319,84.8690567,84.09638977,83.17207336,82.31293488,81.5185318,80.79290009,80.15164948,79.61933136,79.17529297,78.79017639,78.44393921,78.12399292,77.82241821,77.53401184,77.25522614,76.98344421,76.71642303,76.45230103,76.18939209,75.92603302,75.66049957,75.390625,75.1134491,74.82529449,74.5210495,74.19286346,73.8279953,73.4046936,72.88459015,72.20275879,71.26330566,70
-999.9899902,96.18703461,96.04066467,95.76475525,95.380867,94.90895844,94.36539459,93.76293945,93.11122131,92.41752625,91.68746185,90.92536163,90.13418579,89.31576538,88.47158813,87.60280609,86.75706482,85.93734741,85.14770508,84.3923111,83.54850006,82.75102234,82.00532532,81.31589508,80.68850708,80.13275146,79.64434052,79.2073288,78.8081131,78.43660736,78.0855484,77.74961853,77.42511749,77.10934448,76.79961395,76.49326324,76.18833923,75.88280487,75.57446289,75.26065826,74.9381485,74.60286713,74.24932861,73.86968994,73.45233154,72.97986603,72.42682648,71.75987244,70.94789886,70
-999.9899902,95.75338745,95.63259125,95.40022278,95.06961823,94.65467072,94.16799164,93.62023163,93.02001953,92.37422943,91.68832397,90.96657562,90.21219635,89.42756653,88.61453247,87.77466583,86.95573425,86.16046906,85.39160919,84.65183258,83.86080933,83.10689545,82.39486694,81.72775269,81.1072464,80.53925323,80.02437592,79.55311584,79.11620331,78.70617676,78.31729126,77.94448853,77.58368683,77.23206329,76.88699341,76.54579926,76.2061615,75.86577606,75.5222168,75.17272186,74.81401825,74.4420929,74.05180359,73.63631439,73.18647003,72.69018555,72.13262939,71.498909,70.78224182,70
-999.9899902,95.40097046,95.29730225,95.09563446,94.80464935,94.43412018,93.99358368,93.49166107,92.93573761,92.33198547,91.68547821,91.00028992,90.27965546,89.52610779,88.74168396,87.92803955,87.13267517,86.35819244,85.60702515,84.88139343,84.12588501,83.40261841,82.71434784,82.06246185,81.44684601,80.87225342,80.34093475,79.8467865,79.38356781,78.94506073,78.52651978,78.12397003,77.73369598,77.35269928,76.97829437,76.60793304,76.23923492,75.86981964,75.49720764,75.1186676,74.73109436,74.33080292,73.91334534,73.47322845,73.00376892,72.49720001,71.94548798,71.34274292,70.68977356,70
-999.9899902,95.11166382,95.0202179,94.84113312,94.58030701,94.24476624,93.84173584,93.3780899,92.86001587,92.29286957,91.68121338,91.02883148,90.33881378,89.61367035,88.8554306,88.0657196,87.29181671,86.53610229,85.8007431,85.0876236,84.35619354,83.65364838,82.98213959,82.34188843,81.73114777,81.15373993,80.61270142,80.10299683,79.62004852,79.15973663,78.71807098,78.29153442,77.87692261,77.47142029,77.0724411,76.67755127,76.2844162,75.89069366,75.49397278,75.09168243,74.68096924,74.25861359,73.82091522,73.36367798,72.88220215,72.37163544,71.82779694,71.2486496,70.63653564,70
-999.9899902,94.87213135,94.78991699,94.62806702,94.39076233,94.0831604,93.7108078,93.27916718,92.79335785,92.25795746,91.67697906,91.05382538,90.39136505,89.6919632,88.95755005,88.18964386,87.43532562,86.69676208,85.97593689,85.27454376,84.56232452,83.8752594,83.21469879,82.5815506,81.97586823,81.39881897,80.85092926,80.32987976,79.83235931,79.35509491,78.89491272,78.44882202,78.01404572,77.5880127,77.16832733,76.75270081,76.33889008,75.92469788,75.50783539,75.08594513,74.65647125,74.2166748,73.76356506,73.29395294,72.8045578,72.29236603,71.75512695,71.19224548,70.60564423,70
-999.9899902,94.67210388,94.59723663,94.44906616,94.23054504,93.94559479,93.59854126,93.19376373,92.73548126,92.22757721,91.67350769,91.07629395,90.43852234,89.76233673,89.0495224,88.30144501,87.56499481,86.8421402,86.13472748,85.44432068,84.74823761,84.07402039,83.42275238,82.79533386,82.19252014,81.61539459,81.06304169,80.53367615,80.02494049,79.5342865,79.05913544,78.59697723,78.14538574,77.70206451,77.26482391,76.83154297,76.40013885,75.96855164,75.53469086,75.09640503,74.65146637,74.19754028,73.73222351,73.25308228,72.75777435,72.24432373,71.71142578,71.15882874,70.58770752,70
-999.9899902,94.50428772,94.43510437,94.29787445,94.09470367,93.82837677,93.50239563,93.12030029,92.68556976,92.20149231,91.67101288,91.0967865,90.48106384,89.82577515,89.13249969,88.40245056,87.68228912,86.97386169,86.27884674,85.59870148,84.91663361,84.25350189,83.61032867,82.98808289,82.38767242,81.81016541,81.25431061,80.71854401,80.20098877,79.69958496,79.21220398,78.73669434,78.27097321,77.81298828,77.36075592,76.91233826,76.46582794,76.01931763,75.57090759,75.11867523,74.66067505,74.1949234,73.71945953,73.23236084,72.73188782,72.21664429,71.68567657,71.13866425,70.5764389,70
-999.9899902,94.36306,94.29829407,94.1696701,93.97882843,93.72800446,93.4197464,93.05693817,92.64245605,92.17907715,91.66931915,91.115448,90.51942444,89.88292694,89.20732117,88.49365234,87.78839111,87.09320068,86.40964508,85.7390976,85.06950378,84.41622162,83.7802887,83.16272736,82.56452179,81.986763,81.42817688,80.88736725,80.36273193,79.85256195,79.3550415,78.86833954,78.39063263,77.92008972,77.4549408,76.99341583,76.5337677,76.07427979,75.61322021,75.14887238,74.67952728,74.20348358,73.71907806,73.22480774,72.71913147,72.20113373,71.67028046,71.12635803,70.56954193,70
-999.9899902,94.2440033,94.18265533,94.0607605,93.87973785,93.64144135,93.34801483,93.00171661,92.6047287,92.15943146,91.6679306,91.13214874,90.55375671,89.93417358,89.27456665,88.57581329,87.88415527,87.20114899,86.52820587,85.86662292,85.20836639,84.56401062,83.93467712,83.32144165,82.72537994,82.1476059,81.58692169,81.04207611,80.51166534,79.99422455,79.4881897,78.99197388,78.50397491,78.02256012,77.54614258,77.07312012,76.60190582,76.13093567,75.65865326,75.18348694,74.70397186,74.21858215,73.72580719,73.22466278,72.71411133,72.19337463,71.66191101,71.1193924,70.56557465,70
-999.9899902,94.14369202,94.08488464,93.9681015,93.79473114,93.56646729,93.28514862,92.95265961,92.57083893,92.14144135,91.66611481,91.14648438,90.58393097,89.97964478,89.33457184,88.64941406,87.97023773,87.29844666,86.63534546,85.98213959,85.33432007,84.69818878,84.07496643,83.46581268,82.87185669,82.29430389,81.73203278,81.18391418,80.64871216,80.12513733,79.61183929,79.10741425,78.61044312,78.11948395,77.63308716,77.14981079,76.66822815,76.18687439,75.70439911,75.21925354,74.73028564,74.2363739,73.73638916,73.22937012,72.71447754,72.19099426,71.65835571,71.11606598,70.563591,70
-999.9899902,94.0595932,94.002388,93.8891449,93.72147369,93.50104523,93.22952271,92.9085083,92.53949738,92.12390137,91.66298676,91.15789795,90.60967255,90.01927185,89.3874588,88.7147522,88.04705811,87.38562775,86.73167419,86.08630371,85.44818878,84.81970978,84.20220184,83.5969162,83.00507355,82.42791748,81.86445618,81.31363678,80.77437592,80.24552917,79.72590637,79.21426392,78.7093277,78.20981598,77.71440887,77.22181702,76.73071289,76.23970795,75.74780273,75.2538681,74.75683594,74.25569153,73.7494812,73.23734283,72.71849823,72.192276,71.65805817,71.11521149,70.5629425,70
-999.9899902,93.99008942,93.93321991,93.82175446,93.65782166,93.44322968,93.17950439,92.86798859,92.50985718,92.1061554,91.65782928,91.16570282,90.63050842,90.05285645,89.43319702,88.7719574,88.11486053,87.46303558,86.81759644,86.17957306,85.55052948,84.92920685,84.31708527,83.71549225,83.12572479,82.54911041,81.98472595,81.43161774,80.88883209,80.35533142,79.83006287,79.31192017,78.79974365,78.2924118,77.78864288,77.28735352,76.78757477,76.2882309,75.78834534,75.28691101,74.78297424,74.27563477,73.7640152,73.24734497,72.72489166,72.19597626,71.65991974,71.11598969,70.56318665,70
-999.9899902,93.93484497,93.87595367,93.7639389,93.60169983,93.39108276,93.13343811,92.82978058,92.4809494,92.08763123,91.65041351,91.1697998,90.64624023,90.08008575,89.47161102,88.82099915,88.17375183,87.5308609,86.89337921,86.26225281,85.64170074,85.02708435,84.42002106,83.82195282,83.23422241,82.65821075,82.09306335,81.53794861,80.99196625,80.45423126,79.92375946,79.39961243,78.88061523,78.36595917,77.85475159,77.34606171,76.83895874,76.33252716,75.82584381,75.31800842,74.80815887,74.29546356,73.77913666,73.25844574,72.7326889,72.20116425,71.66316223,71.11782074,70.56400299,70
-999.9899902,93.89585876,93.82907104,93.71343994,93.55080414,93.3425293,93.08955383,92.79249573,92.4517746,92.06768036,91.64043427,91.17021179,90.65715027,90.10137177,89.50297546,88.86196136,88.22372437,87.5891571,86.95915222,86.3345108,85.72183228,85.11347961,84.51119995,83.91648865,83.33071136,82.7552948,82.18945313,81.63243866,81.08343506,80.54169464,80.00619507,79.47637177,78.95146179,78.43067932,77.91323853,77.39830017,76.88503265,76.37258148,75.86011505,75.34682465,74.83190155,74.31459808,73.79416656,73.26991272,72.7411499,72.20716095,71.66718292,71.12026978,70.56516266,70
-999.9899902,93.87004089,93.78832245,93.66703033,93.502388,93.29521942,93.04594421,92.75465393,92.42126465,92.04563904,91.62758636,91.16692352,90.6634903,90.11717987,89.52791595,88.89556122,88.26541138,87.63828278,87.01500702,86.39637756,85.79083252,85.18832397,84.59054565,83.9990387,83.41513062,82.84024048,82.27363586,81.71470642,81.16261292,80.61699677,80.07725525,79.54280853,79.01300049,78.48714447,77.96450043,77.44432831,76.92586517,76.40834045,75.89099121,75.37306213,74.8538208,74.33255768,73.80857086,73.28118896,72.74971771,72.21343994,71.67154694,71.12301636,70.56649017,70
-999.9899902,93.85163879,93.77230835,93.6211319,93.45330811,93.24656677,93.00055695,92.71469879,92.38835144,92.02085114,91.6115799,91.15996552,90.6655426,90.12797546,89.54703522,88.92250061,88.29959869,87.67907715,87.06175232,86.44841003,85.8486557,85.25124359,84.6577301,84.06939697,83.48726654,82.91274261,82.34510803,81.78419495,81.22961426,80.6809845,80.13783264,79.59963989,79.06582642,78.53577423,78.00883484,77.48431396,76.96152496,76.4397583,75.91831207,75.396492,74.87359619,74.34896088,73.8219223,73.29180908,72.75794983,72.21960449,71.67591095,71.12580872,70.56786346,70
-999.9899902,93.8368454,93.75348663,93.60749817,93.40008545,93.1937027,92.95121002,92.67106628,92.35195923,91.9927063,91.59221649,91.1494751,90.66368103,90.1342926,89.56097412,88.94348145,88.32700348,87.71229553,87.10015869,86.49137878,85.8963623,85.30304718,84.7129364,84.1272049,83.54678345,82.97241211,82.40414429,81.84188843,81.28543091,80.73446655,80.18861389,79.64742279,79.11037445,78.57691956,78.04647064,77.51839447,76.99205017,76.46678925,75.9419632,75.41690063,74.89096069,74.3635025,73.83388519,73.30145264,72.76552582,72.22534943,71.68003845,71.128479,70.56918335,70
-999.9899902,93.82344055,93.72800446,93.58008575,93.38446808,93.13365173,92.89570618,92.62223816,92.31112671,91.96073914,91.56948853,91.13578033,90.65843964,90.13676453,89.57042694,88.959198,88.34833527,87.7386322,87.13092804,86.52601624,85.93479919,85.34475708,84.75732422,84.17360687,83.5944519,83.02045441,82.45185089,81.8886795,81.33084106,80.77810669,80.23015594,79.68660736,79.14700317,78.61084747,78.07759094,77.54666138,77.01746368,76.48938751,75.96181488,75.43412781,74.90571594,74.37594604,73.84420013,73.30983734,72.77217102,72.2304306,71.68371582,71.13088226,70.57038116,70
-999.9899902,-999.9899902,93.67255402,93.53469849,93.34819031,93.11778259,92.83217621,92.56691742,92.26503754,91.92461395,91.54366302,91.11955261,90.6506424,90.13624573,89.57617188,88.97039032,88.36428833,87.75875092,87.15468597,86.55290985,85.96469116,85.37718964,84.79181671,84.2096405,83.6314621,83.05783844,82.48908234,81.92530823,81.36647797,80.81242371,80.26290131,79.71755981,79.17599487,78.63775635,78.10233307,77.56919098,77.03777313,76.50750732,75.97779846,75.44805908,74.91769409,74.38610077,73.85266876,73.31676483,72.7776947,72.23469543,71.68682098,71.13291168,70.57139587,70
-999.9899902,-999.9899902,-999.9899902,93.45489502,93.29220581,93.08055878,92.82333374,92.50437927,92.21298981,91.88407898,91.51551056,91.10201263,90.64154053,90.13381195,89.57913208,88.97782898,88.3755188,87.77323914,87.17197418,86.57260132,85.98659515,85.40097809,84.81711578,84.2360611,83.65860748,83.08530426,82.51648712,81.95231628,81.39279938,80.83782959,80.28717041,79.74053955,79.19756317,78.6578064,78.12080383,77.58604431,77.0530014,76.52111816,75.98983765,75.45858765,74.9267807,74.39383698,73.85914612,73.32209015,72.78195953,72.23799133,71.68923187,71.1344986,70.5721817,70
-999.9899902,-999.9899902,-999.9899902,-999.9899902,93.20149231,93.02739716,92.79893494,92.51005554,92.15433502,91.83831024,91.48690796,91.08543396,90.63296509,90.1308136,89.58027649,88.98223877,88.38261414,87.78258514,87.18323517,86.585495,86.0009613,85.4165802,84.83370972,84.25340271,83.67642975,83.10335541,82.53451538,81.97010803,81.41016388,80.854599,80.30322266,79.75576019,79.21185303,78.67111206,78.1330719,77.59725952,77.0631485,76.53020477,75.99789429,75.46563721,74.93288422,74.39904022,73.86352539,73.32569122,72.7848587,72.24023438,71.69087982,71.13558197,70.57273102,70
-999.9899902,-999.9899902,-999.9899902,-999.9899902,-999.9899902,92.94434357,92.77750397,92.50443268,92.17379761,91.78348541,91.46308899,91.07392883,90.62741089,90.12873077,89.58054352,88.98426056,88.38602448,87.78715515,87.18878174,86.59186554,86.0080719,85.42430115,84.8419342,84.26199341,83.68526459,83.11229706,82.54345703,81.97894287,81.41879272,80.86294556,80.31121063,79.76333618,79.21897125,78.677742,78.1391983,77.6028595,77.06822205,76.53475189,76.00192261,75.46917725,74.9359436,74.40166473,73.86572266,73.32750702,72.78632355,72.24137878,71.69171906,71.13613129,70.57300568,70
-999.9899902,-999.9899902,-999.9899902,-999.9899902,-999.9899902,-999.9899902,-999.9899902,-999.9899902,-999.9899902,-999.9899902,-999.9899902,-999.9899902,-999.9899902,-999.9899902,-999.9899902,-999.9899902,-999.9899902,-999.9899902,-999.9899902,-999.9899902,-999.9899902,-999.9899902,-999.9899902,-999.9899902,-999.9899902,-999.9899902,-999.9899902,-999.9899902,-999.9899902,-999.9899902,-999.9899902,-999.9899902,-999.9899902,-999.9899902,-999.9899902,-999.9899902,-999.9899902,-999.9899902,-999.9899902,-999.9899902,-999.9899902,-999.9899902,-999.9899902,-999.9899902,-999.9899902,-999.9899902,-999.9899902,-999.9899902,-999.9899902,70
,,,,,,,,,,,,,,,,,,,,,,,,,,,,,,,,,,,,,,,,,,,,,,,,,
-999.9899902,-999.9899902,-999.9899902,-999.9899902,-999.9899902,-999.9899902,-999.9899902,-999.9899902,-999.9899902,-999.9899902,-999.9899902,-999.9899902,-999.9899902,-999.9899902,-999.9899902,-999.9899902,-999.9899902,-999.9899902,-999.9899902,-999.9899902,-999.9899902,-999.9899902,-999.9899902,-999.9899902,-999.9899902,-999.9899902,-999.9899902,-999.9899902,-999.9899902,-999.9899902,-999.9899902,-999.9899902,-999.9899902,-999.9899902,-999.9899902,-999.9899902,-999.9899902,-999.9899902,-999.9899902,-999.9899902,-999.9899902,-999.9899902,-999.9899902,-999.9899902,-999.9899902,-999.9899902,-999.9899902,-999.9899902,-999.9899902,70
-999.9899902,-999.9899902,-999.9899902,-999.9899902,-999.9899902,-999.9899902,-999.9899902,92.58973694,92.25534821,91.86051178,91.53675842,91.14350891,90.69261169,90.18941498,89.63667297,89.03594208,88.43331909,87.83023071,87.22786713,86.62722778,86.02737427,85.43214417,84.84125519,84.25489807,83.67330933,83.09667969,82.52510834,81.95857239,81.39697266,80.84011078,80.28771973,79.73943329,79.19485474,78.65351105,78.11491394,77.5785141,77.04377747,76.51012421,75.97699738,75.44384003,74.91009521,74.37524414,73.83876038,73.3001709,72.75898743,72.21473694,71.66698456,71.11528778,70.55944061,70
-999.9899902,-999.9899902,-999.9899902,-999.9899902,-999.9899902,-999.9899902,92.8887558,92.59629059,92.23619843,91.91654968,91.56110382,91.15530396,90.69829559,90.19150543,89.63632202,89.03376007,88.42967224,87.82537079,87.22199249,86.62049866,86.01994324,85.42414093,84.83281708,84.24614716,83.66437531,83.087677,82.51613617,81.94974518,81.38837433,80.83183289,80.27981567,79.73197174,79.18787384,78.64705658,78.10899353,77.57315063,77.03896332,76.50585938,75.9732666,75.44062042,74.90735626,74.37294769,73.83687592,73.29864502,72.75778961,72.21382904,71.66632843,71.11486816,70.55923462,70
-999.9899902,-999.9899902,-999.9899902,-999.9899902,-999.9899902,93.17605591,92.91517639,92.59191132,92.29670715,91.96355438,91.5905304,91.17236328,90.70709229,90.19450378,89.63498688,89.02899933,88.42210388,87.81544495,87.21006775,86.60689545,86.00492859,85.40799713,84.81581116,84.22852325,83.64637756,83.06954193,82.49810028,81.93199921,81.37110901,80.81520081,80.26396179,79.7170105,79.17389679,78.63411713,78.09715271,77.56243134,77.02936554,76.49736786,75.9658432,75.43421936,74.9019165,74.36840057,73.83314514,73.29564667,72.75543213,72.21205139,71.66505432,71.11404419,70.55883026,70
-999.9899902,-999.9899902,-999.9899902,-999.9899902,93.45044708,93.21627045,92.92633057,92.6570282,92.35068512,92.0055542,91.61968994,91.19051361,90.71646118,90.19689178,89.63171387,89.02101135,88.41012573,87.80005646,87.1917572,86.58609009,85.98204803,85.38343811,84.78995514,84.20175934,83.61907196,83.04206085,82.47077942,81.90514374,81.34500885,80.79009247,80.24004364,79.69445801,79.15284729,78.6146698,78.07937622,77.54634857,77.01499176,76.48468018,75.95478821,75.42471313,74.89386749,74.36169434,73.82765961,73.29125214,72.75200653,72.20947266,71.66321564,71.11286926,70.55825806,70
-999.9899902,-999.9899902,-999.9899902,93.68963623,93.49043274,93.23537445,92.99317932,92.71502686,92.39894867,92.04333496,91.64668274,91.20744324,90.72451019,90.19727325,89.62547302,89.00901794,88.39311218,87.77866364,87.16656494,86.55765533,85.9508667,85.35004425,84.75485229,84.16545868,83.58209229,83.00488281,82.43386078,81.86891174,81.30982971,80.75629425,80.207901,79.66419983,79.12464142,78.58866119,78.05564117,77.52494049,76.99590302,76.46786499,75.94018555,75.41221619,74.88333893,74.35297394,73.82056427,73.28561401,72.74764252,72.2062149,71.66091156,71.11140442,70.55754089,70
-999.9899902,-999.9899902,93.87021637,93.72136688,93.51016235,93.29947662,93.05216217,92.76683044,92.44219208,92.07715607,91.67069244,91.22185516,90.72994995,90.19451904,89.61531067,88.99220276,88.3703537,87.75063324,87.13391113,86.52100372,85.91083527,85.30726624,84.7099762,84.11911011,83.53491974,82.95752716,82.38691711,81.82292175,81.26525116,80.71353912,80.16732025,79.62606049,79.08916473,78.55601501,78.02592468,77.49820709,76.97214508,76.44703674,75.92218018,75.3968811,74.87050629,74.34242249,73.81207275,73.27893829,72.74253082,72.20243835,71.65827942,71.10974121,70.55673218,70
-999.9899902,93.97502899,93.89412689,93.74010468,93.56819153,93.35668945,93.10538483,92.81377411,92.48126984,92.10733032,91.69142151,91.23307037,90.73191833,90.18773651,89.60037994,88.96977234,88.34109497,87.71524811,87.09308624,86.47545624,85.86127472,85.25444794,84.6546402,84.06204224,83.47691345,82.89940643,82.329422,81.76670074,81.21088409,80.66149902,80.11802673,79.57984161,79.04628754,78.5166626,77.99021912,77.46619415,76.94382477,76.42232513,75.90093994,75.37893677,74.85561371,74.33031464,73.80245209,73.27147675,72.73692322,72.19837952,71.65549469,71.10800934,70.5559082,70
-999.9899902,93.99963379,93.91647339,93.79164124,93.62258911,93.41025543,93.15513611,92.85742188,92.51716614,92.13433838,91.70886993,91.2407074,90.72982025,90.1762085,89.57990265,88.9409256,88.30454254,87.67169952,87.04330444,86.42021942,85.80139923,85.1907959,84.58808136,83.99349213,83.40732574,82.82982635,82.26074219,81.69971466,81.14624786,80.59978485,80.05970764,79.52529907,78.99583435,78.47050476,77.94849396,77.42895508,76.91103363,76.39389038,75.87669373,75.35864258,74.838974,74.31698608,73.79204559,73.26359558,72.7311554,72.19432068,71.65279388,71.10638428,70.55514526,70
-999.9899902,94.03314972,93.96375275,93.84446716,93.67711639,93.46317291,93.20368195,92.89942932,92.55097198,92.15877533,91.72320557,91.24459076,90.72322083,90.15934753,89.55318451,88.9048996,88.25988007,87.61914825,86.98368835,86.35439301,85.73033905,85.11546326,84.50947571,83.91268921,83.3254776,82.74810791,82.18024445,81.62136078,81.07082367,80.5279541,79.99200439,79.46218109,78.93762207,78.41744995,77.90073395,77.38654327,76.87393188,76.36196899,75.84973145,75.33634186,74.82097626,74.30286407,73.78131104,73.25572968,72.72563934,72.19065094,71.65050507,71.10508728,70.55457306,70
-999.9899902,94.07922363,94.01821899,93.90247345,93.73511505,93.51818848,93.25320435,92.94139862,92.58380127,92.18131256,91.73469543,91.24465942,90.71178436,90.13659668,89.51952362,88.86087799,88.20620728,87.55664063,86.91324615,86.27695465,85.64722443,85.02770996,84.41825104,83.81920624,83.23101044,82.65389252,82.08748627,81.53114319,80.9841156,80.44556427,79.91455841,79.39019012,78.87147522,78.35740662,77.84695435,77.33906555,76.83270264,76.32681274,75.82039642,75.31246948,74.80210876,74.28847504,73.77080536,73.24845886,72.72093201,72.18785858,71.64902496,71.10440826,70.55432892,70
-999.9899902,94.14374542,94.08474731,93.96923828,93.79958344,93.57781982,93.3057251,92.98488617,92.616745,92.20259857,91.7436142,91.2408371,90.69517517,90.10740662,89.47817993,88.80800629,88.1425705,87.48313141,86.83093262,86.18706512,85.55140686,84.92703247,84.3139801,83.71269226,83.12360382,82.54695129,81.98227692,81.42887878,80.88586426,80.35227203,79.82704926,79.30908203,78.79721069,78.29029083,77.78716278,77.28664398,76.78756714,76.28877258,75.78912354,75.28753662,74.78297424,74.27449036,73.7612381,73.24250031,72.71773529,72.18658447,71.64888763,71.10473633,70.55462646,70
-999.9899902,94.22470093,94.16512299,94.04729462,93.87303925,93.64433289,93.36312866,93.03136444,92.65084076,92.2232666,91.75020599,91.23303223,90.67300415,90.07115936,89.4283371,88.74533844,88.06806183,87.39794922,86.73631287,86.08436584,85.44242859,84.81295776,84.1962204,83.5927124,83.00289917,82.42697906,81.86443329,81.31446075,80.77605438,80.24811554,79.72943878,79.21875763,78.71475983,78.21611023,77.72145844,77.2294693,76.73883057,76.24823761,75.75643158,75.26216888,74.76429749,74.26171875,73.753479,73.23875427,72.71694183,72.18765259,71.65078735,71.10658264,70.55573273,70
-999.9899902,94.32267761,94.26110077,94.1389389,93.9578476,93.71985626,93.42721558,93.08219147,92.68702698,92.24385071,91.75461578,91.22106934,90.64479828,90.02722168,89.36948395,88.67250061,87.9823761,87.30070496,86.62892151,85.96833801,85.31970215,84.68489075,84.06437683,83.45872498,82.8684082,82.29358673,81.73368073,81.1877594,80.65470123,80.13323212,79.62199402,79.11954498,78.62442017,78.13510132,77.65007782,77.16784668,76.68688965,76.20573425,75.72294617,75.23713684,74.7469635,74.2511673,73.74863434,73.23838043,72.71970367,72.1921463,71.65566254,71.11061859,70.55801392,70
-999.9899902,94.43967438,94.37500763,94.24666595,94.05639648,93.80654144,93.49971008,93.1386795,92.72616577,92.26475525,91.75688934,91.20483398,90.61052704,89.97561646,89.30147552,88.58917999,87.88506317,87.19084167,86.50810242,85.83824921,85.1824646,84.54204559,83.9176712,83.30998993,82.71946716,82.1462326,81.58960724,81.04853821,80.52173615,80.00775146,79.50502014,79.01193237,78.52680206,78.047966,77.5737381,77.10243988,76.63240051,76.16195679,75.68949127,75.21337128,74.73204803,74.24407196,73.7480545,73.242836,72.72750854,72.20149994,71.66475677,71.11779785,70.56197357,70
-999.9899902,94.57878113,94.50994873,94.37343597,94.17137909,93.90661621,93.58236694,93.202034,92.7689743,92.28648376,91.75752258,91.18470764,90.57028961,89.91618347,89.22395325,88.49486542,87.7754364,87.06756592,86.37297058,85.69316864,85.02972412,84.38341522,83.75511932,83.14555359,82.55519867,81.98413849,81.43161011,80.89638519,80.37699127,79.87172699,79.37882233,78.89640808,78.42263031,77.95560455,77.4934845,77.0344162,76.5765686,76.11811829,75.65724945,75.19212341,74.72094727,74.24196625,73.75346375,73.25398254,72.74230194,72.21762085,71.67977142,71.12941742,70.56832886,70
-999.9899902,94.74415588,94.6698761,94.52284241,94.30583954,94.02252197,93.67695618,93.27359009,92.81663513,92.30995941,91.75701904,91.16082764,90.52394867,89.84853363,89.13633728,88.38877869,87.65259552,86.92985535,86.22240448,85.5318985,84.86024475,84.20774078,83.57544708,82.96417999,82.37444305,81.80630493,81.25887299,80.73075104,80.22016144,79.72515106,79.24363708,78.77349854,78.31263733,77.85897827,77.41047668,76.96513367,76.52094269,76.0759201,75.62805176,75.17530823,74.71561432,74.24690247,73.76709747,73.27426147,72.76668549,72.24311829,71.70311737,71.14735413,70.578125,70
-999.9899902,94.94120789,94.85984802,94.69926453,94.46327972,94.15692902,93.78573608,93.3551712,92.87033081,92.33580017,91.75556946,91.13304138,90.47106934,89.77200317,89.0377655,88.26991272,87.51537323,86.77638245,86.05498505,85.35296631,84.67250061,84.01345062,83.3770752,82.76428986,82.17569733,81.61135864,81.07029724,80.5508194,80.05081177,79.56791687,79.09968567,78.64369965,78.19759369,77.75908661,77.32595825,76.89603424,76.46718597,76.03725433,75.60405731,75.16534424,74.71875763,74.26187134,73.79214478,73.30706787,72.80422974,72.28165436,71.73825836,71.17441559,70.59295654,70
-999.9899902,95.17695618,95.08625031,94.90802765,94.64812469,94.31347656,93.91127777,93.44836426,92.9309082,92.36425781,91.75296021,91.10079193,90.4108429,89.68560028,88.92709351,88.13694,87.3622818,86.60553741,85.86896515,85.15455627,84.46463013,83.79866028,83.15804291,82.54388428,81.95698547,81.39750671,80.86438751,80.35554504,79.86832428,79.39983368,78.94717407,78.5075531,78.07832336,77.65699768,77.24120331,76.82863617,76.41703796,76.00411987,75.58753967,75.16484833,74.73340607,74.29037476,73.83268738,73.35705566,72.86009979,72.33864594,71.79039764,71.21494293,70.61537933,70
-999.9899902,95.46063232,95.35733032,95.15619659,94.86580658,94.49585724,94.05583191,93.55430603,92.99864197,92.3950119,91.74845886,91.06306458,90.34204865,89.58797455,88.80284119,87.98827362,87.19155121,86.41532898,85.6621933,84.9344635,84.23446655,83.56116486,82.91601563,82.30044556,81.7157135,81.16233063,80.63921356,80.14360809,79.6720047,79.2207489,78.78636932,78.36566925,77.95572662,77.55386353,77.15758514,76.76450348,76.37227631,75.97853088,75.58081055,75.17649841,74.76270294,74.3361969,73.89329529,73.42978668,72.94094086,72.4217453,71.86763763,71.27611542,70.64974976,70
-999.9899902,95.80509186,95.68448639,95.4524231,95.12215424,94.70751953,94.22105408,93.67334747,93.07302856,92.42697906,91.7406311,91.01821899,90.2629776,89.47737122,88.66323853,87.82203674,87.00109863,86.20336914,85.43201447,84.68997955,83.97962189,83.29868317,82.64840698,82.03089905,81.4484787,80.90272522,80.39246368,79.91362,79.46126556,79.03072357,78.61781311,78.21892548,77.83091736,77.45098877,77.07657623,76.7052536,76.33467102,75.96244049,75.5860672,75.20282745,74.80965424,74.40299225,73.97856903,73.53118896,73.05444336,72.54064941,71.98131561,71.36925507,70.70380402,70
-999.9899902,96.22866058,96.08237457,95.80658722,95.42284393,94.95103455,94.40742493,93.80467224,93.15245056,92.45810699,91.727211,90.96392822,90.17134094,89.35163879,88.5062561,87.63621521,86.78865051,85.96681976,85.17498779,84.41760254,83.69812012,83.00987244,82.35328674,81.73194122,81.15112305,80.6153183,80.12224579,79.66503143,79.23656464,78.83081818,78.44291687,78.06893158,77.70559692,77.3500824,76.99986267,76.652565,76.30590057,75.95755005,75.60506439,75.24573517,74.87644196,74.49345398,74.09210968,73.66632843,73.20797729,72.70601654,72.14594269,71.51114655,70.79061127,70
-999.9899902,96.7578125,96.56980133,96.22921753,95.77230835,95.22705078,94.61345673,93.94567108,93.23378754,92.48508453,91.70487976,90.89701843,90.06421661,89.20818329,88.32971954,87.4289093,86.55199432,85.70238495,84.8863678,84.11205292,83.39092255,82.69811249,82.0330658,81.40357971,80.82219696,80.30021667,79.83072662,79.40146637,79.0022049,78.62546539,78.26589966,77.91950989,77.58312225,77.25400543,76.92978668,76.60824585,76.28725433,75.96464539,75.63809967,75.30506897,74.96255493,74.60689545,74.23336792,73.835495,73.40393066,72.92443848,72.37498474,71.72306061,70.93157959,70
-999.9899902,97.43456268,97.17027283,96.72917175,96.17131805,95.532547,94.83461761,94.091362,93.31207275,92.5031662,91.66919708,90.81336212,89.93788147,89.04389954,88.13130951,87.19863892,86.28929138,85.40596771,84.55749512,83.76108551,83.0734787,82.38656616,81.71125031,81.06658936,80.47866821,79.97615814,79.5378952,79.14237976,78.77590942,78.43022919,78.10005951,77.7816925,77.47225952,77.16930389,76.87070465,76.57450867,76.27877808,75.98158264,75.68082428,75.37419891,75.05899048,74.73186493,74.38845825,74.02264404,73.62509155,73.18028259,72.66034698,72.01348114,71.1521759,70
-999.9899902,98.33355713,97.90720367,97.3065033,96.61227417,95.85835266,95.06215668,94.23396301,93.38036346,92.50605774,91.61429596,90.70738983,89.7868576,88.85344696,87.90679169,86.94393921,85.99924469,85.07311249,84.17465973,83.33427429,82.83076477,82.17051697,81.48615265,80.82135773,80.21718597,79.7383194,79.33032227,78.96294403,78.62164307,78.29871368,77.98947906,77.69070435,77.39985657,77.11482239,76.83371735,76.55478668,76.27628326,75.99645233,75.71340942,75.42505646,75.12896729,74.82214355,74.50074005,74.15937805,73.78987122,73.37825775,72.89755249,72.28883362,71.41411591,70
-999.9899902,97.41889191,97.15465546,96.71382141,96.15651703,95.5182724,94.82067871,94.07785797,93.29911804,92.49073029,91.65718842,90.80172729,89.9264679,89.03253937,88.11993408,87.1871109,86.27796173,85.3950119,84.54719543,83.75252533,83.06360626,82.3756485,81.69936371,81.05364227,80.46470642,79.96162415,79.52307892,79.127388,78.76077271,78.41490173,78.08447266,77.76573944,77.45586395,77.15248871,76.853508,76.55699158,76.2610321,75.9637146,75.66298676,75.35655975,75.04171753,74.71512604,74.37244415,74.00759125,73.61129761,73.16812897,72.65026855,72.00598907,71.14795685,70
-999.9899902,96.72821045,96.54019928,96.199646,95.74276733,95.19753265,94.58417511,93.91712189,93.20632172,92.45864868,91.67942047,90.87258911,90.04079437,89.18562317,88.30787659,87.40769958,86.53189087,85.6836319,84.8690567,84.09653473,83.37342834,82.67939758,82.01306915,81.38200378,80.79889679,80.27541351,79.80475616,79.37454224,78.97437286,78.59671783,78.23619843,77.8888092,77.55140686,77.2213974,76.89642334,76.5743103,76.25296021,75.93025208,75.60393524,75.27145386,74.92979431,74.57530975,74.20332336,73.80744934,73.37841797,72.9021225,72.35657501,71.70944977,70.92401886,70
-999.9899902,96.18698883,96.0406189,95.76470184,95.38082123,94.90891266,94.36534882,93.76289368,93.11117554,92.41748047,91.68741608,90.92531586,90.13414001,89.3157196,88.47153473,87.60280609,86.75706482,85.93734741,85.14770508,84.39241028,83.67169952,82.9827652,82.32497406,81.70162201,81.11827087,80.5799942,80.08480072,79.6257782,79.19567108,78.78836823,78.39899445,78.02362061,77.65905762,77.30258942,76.95171356,76.60403442,76.25730133,75.90923309,75.55741119,75.19913483,74.8312912,74.45016479,74.05115509,73.62828064,73.17349243,72.67590332,72.12116241,71.49294281,70.78061676,70
-999.9899902,95.75333405,95.63254547,95.400177,95.06957245,94.65462494,94.16794586,93.62018585,93.01997375,92.37418365,91.6882782,90.96652985,90.21215057,89.42752075,88.61448669,87.77467346,86.95574188,86.16046906,85.39160919,84.65190125,83.94168854,83.26093292,82.61004639,81.99061584,81.40502167,80.85585785,80.3427124,79.86145782,79.40702057,78.97463989,78.56018066,78.15999603,77.77093506,77.39029694,77.01554108,76.6442337,76.27403259,75.90257263,75.52737427,75.14574432,74.75463104,74.35050201,73.9291687,73.48550415,73.01322937,72.50480652,71.95197296,71.34785461,70.69216156,70
-999.9899902,95.40091705,95.29724884,95.09558868,94.80460358,94.4340744,93.9935379,93.4916153,92.93569183,92.3319397,91.68543243,91.00024414,90.27960968,89.52606201,88.74163818,87.92803955,87.13267517,86.35819244,85.60703278,84.88144684,84.18299103,83.51059723,82.86541748,82.2483902,81.66049194,81.10334015,80.577034,80.07886505,79.60520172,79.15224457,78.7164917,78.29477692,77.88415527,77.48199463,77.0858078,76.69319916,76.30183411,75.90937042,75.51337433,75.11123657,74.70010376,74.27679443,73.83766937,73.37863159,72.89505005,72.38209534,71.83540344,71.25279999,70.63717651,70
-999.9899902,95.11161041,95.02017212,94.84107971,94.58026123,94.24471283,93.84169006,93.37804413,92.85997009,92.29282379,91.6811676,91.02878571,90.33876801,89.61362457,88.85538483,88.0657196,87.29182434,86.53610229,85.80075073,85.08766937,84.3995285,83.73448181,83.09407043,82.47895813,81.88948059,81.3266449,80.79067993,80.27955627,79.79051971,79.32063293,78.86696625,78.42671967,77.99725342,77.57608032,77.1608429,76.74922943,76.33900452,75.92789459,75.51358795,75.09363556,74.66545105,74.22624207,73.772995,73.30252075,72.81153107,72.29703522,71.7569046,71.19098663,70.60260773,70
-999.9899902,94.87207794,94.78986359,94.62801361,94.39071655,94.08311462,93.71075439,93.2791214,92.79330444,92.25791168,91.67692566,91.0537796,90.39131927,89.69191742,88.95750427,88.18964386,87.43532562,86.69676208,85.97593689,85.27457428,84.59552002,83.93701935,83.30058289,82.6869812,82.09660339,81.52986145,80.98655701,80.465271,79.96386719,79.4799881,79.01118469,78.55502319,78.10913849,77.67124939,77.23915863,76.81069183,76.38373566,75.95614624,75.52575684,75.09035492,74.64761353,74.19514465,73.73049164,73.25119019,72.75494385,72.23990631,71.70510864,71.15111542,70.5807724,70
-999.9899902,94.67205048,94.59718323,94.44901276,94.23049927,93.94554138,93.59848785,93.19371796,92.73543549,92.2275238,91.67345428,91.07624817,90.43846893,89.76229095,89.04947662,88.30144501,87.56499481,86.84214783,86.13473511,85.44434357,84.77366638,84.12132263,83.48872375,82.87667084,82.28564453,81.71588898,81.16691589,80.6375351,80.12605286,79.63053131,79.14890289,78.67905426,78.21888733,77.76633453,77.31936646,76.87599182,76.43421173,75.99206543,75.54756165,75.09868622,74.64340973,74.17970276,73.70554352,73.21904755,72.71856689,72.20294189,71.67175293,71.12569427,70.56700897,70
-999.9899902,94.50423431,94.43505096,94.29782104,94.09465027,93.82832336,93.50234222,93.12024689,92.68552399,92.2014389,91.6709671,91.09673309,90.48101044,89.82572174,89.13244629,88.40245056,87.68229675,86.97386169,86.27884674,85.59871674,84.93588257,84.28944397,83.66068268,83.05038452,82.4590683,81.88695526,81.33345795,80.79751587,80.27771759,79.77243042,79.27989197,78.79824829,78.32565308,77.86024475,77.40016174,76.94358063,76.48867798,76.03364563,75.57667542,75.11597443,74.64975739,74.17630005,73.69393921,73.20120239,72.69686127,72.18015289,71.65087891,71.10967255,70.55827332,70
-999.9899902,94.36300659,94.29824829,94.1696167,93.97878265,93.72795105,93.41970062,93.05688477,92.64240265,92.17902374,91.66927338,91.11540222,90.51937866,89.88287354,89.20726776,88.49365234,87.78839111,87.09320068,86.40964508,85.73911285,85.08362579,84.44287109,83.81793213,83.2095871,82.61836243,82.04446411,81.48734283,80.94603729,80.41931915,79.90579224,79.40392303,78.91209412,78.42865753,77.95194244,77.48027802,77.01199341,76.54542542,76.07893372,75.61088562,75.13968658,74.66378021,74.18166351,73.69198608,73.19354248,72.68539429,72.16700745,71.63830566,71.099823,70.55285645,70
-999.9899902,94.24394989,94.18260956,94.06070709,93.87968445,93.64138794,93.34796143,93.00166321,92.60467529,92.15937805,91.6678772,91.13209534,90.55370331,89.93412018,89.27452087,88.57580566,87.88415527,87.20114899,86.52820587,85.86663055,85.21806335,84.58274841,83.96160889,83.35536957,82.76454926,82.18939209,81.6293869,81.08366394,80.55115509,80.03061676,79.52072144,79.02005005,78.52711487,78.04044342,77.5585022,77.07979584,76.60282135,76.12607574,75.64810944,75.16748047,74.68284607,74.1929245,73.69654083,73.19277191,72.68089294,72.16047668,71.6314621,71.09422302,70.54971313,70
-999.9899902,94.14363861,94.08483124,93.9680481,93.79467773,93.56641388,93.28509521,92.9526062,92.57078552,92.14138794,91.6660614,91.14643097,90.58387756,89.97959137,89.33451843,88.64940643,87.97023773,87.29844666,86.63534546,85.98214722,85.340065,84.70996857,84.09256744,83.48853302,82.89839172,82.32241058,81.76012421,81.21075439,80.67334747,80.14682007,79.62998199,79.1215744,78.62028503,78.12477875,77.63368988,77.1456604,76.65932465,76.17334747,75.68642426,75.19727325,74.70474243,74.20775604,73.70533752,73.19669342,72.68123627,72.15857697,71.62861633,71.09158325,70.54814911,70
-999.9899902,94.05953979,94.00233459,93.88909912,93.72142029,93.50099182,93.2294693,92.9084549,92.53944397,92.12384796,91.66293335,91.15784454,90.60961914,90.01921844,89.3874054,88.7147522,88.04705811,87.38562775,86.73167419,86.08630371,85.45031738,84.82519531,84.21144867,83.60969543,83.02043915,82.44398499,81.8799057,81.32750702,80.78593445,80.25422668,79.73132324,79.2161026,78.70740509,78.20401764,77.70472717,77.20830536,76.71353912,76.21922302,75.72423553,75.22747803,74.72794342,74.22467804,73.71686554,73.20378876,72.68492126,72.15989685,71.62856293,71.09101105,70.54769135,70
-999.9899902,93.99004364,93.93317413,93.82170105,93.65776825,93.44317627,93.17945099,92.86793518,92.50980377,92.10610199,91.65777588,91.16564941,90.63045502,90.05280304,89.43314362,88.77194977,88.11485291,87.46303558,86.81759644,86.17957306,85.54930115,84.92892456,84.31874084,83.71929169,83.131073,82.55440521,81.98891449,81.43397522,80.88882446,80.35259247,79.82434082,79.30307007,78.78774261,78.27729797,77.77062988,77.2666626,76.76435852,76.26267242,75.7605896,75.25715637,74.75145721,74.24266052,73.73001862,73.21290588,72.69081879,72.16339111,71.63040924,71.09184265,70.54798889,70
-999.9899902,93.93479156,93.87590027,93.7638855,93.60164642,93.39103699,93.1333847,92.82972717,92.480896,92.08757782,91.65036011,91.1697464,90.64618683,90.08002472,89.47155762,88.82099915,88.1737442,87.53085327,86.89337921,86.26224518,85.63735199,85.02149963,84.41477203,83.81761932,83.23054504,82.653862,82.08724213,81.53013611,80.98184967,80.44161224,79.90859985,79.38191986,78.86065674,78.34389496,77.83070374,77.32013702,76.81125641,76.30314636,75.79489136,75.28562927,74.77453613,74.26087189,73.74394226,73.22317505,72.69807434,72.1682663,71.63348389,71.09359741,70.54877472,70
-999.9899902,93.89582062,93.82902527,93.71338654,93.55075073,93.34247589,93.08950043,92.79244232,92.45172119,92.06762695,91.64038086,91.17015839,90.65709686,90.10131836,89.50292206,88.86195374,88.22371674,87.58914948,86.95915222,86.33449554,85.71469116,85.10314941,84.4997406,83.90486145,83.31896973,82.74240112,82.17486572,81.61586761,81.06479645,80.52099609,79.98371887,79.45223999,78.92578888,78.40356445,77.88474274,77.3684845,76.85394287,76.34028625,75.8266983,75.31238556,74.79660797,74.27867126,73.75794983,73.23387909,72.70599365,72.17389679,71.63726807,71.09590912,70.54985809,70
-999.9899902,93.87003326,93.7882309,93.66698456,93.50233459,93.29517365,93.04589081,92.75460052,92.42121887,92.04558563,91.62753296,91.16687012,90.66343689,90.11712646,89.52786255,88.89555359,88.26541138,87.63828278,87.01499939,86.39636993,85.78144836,85.1740036,84.57378387,83.98111725,83.39643097,82.82004547,82.25171661,81.69104004,81.13748169,80.5905304,80.04958344,79.51402283,78.98316193,78.45629883,77.93268585,77.41158295,76.89221191,76.37381744,75.85565948,75.33701324,74.81718445,74.29553986,73.77148438,73.24447632,72.71405792,72.17980957,71.64137268,71.09848022,70.55110168,70
-999.9899902,93.85163116,93.77229309,93.6210022,93.4532547,93.24651337,93.00050354,92.71464539,92.38829803,92.02079773,91.61152649,91.15991211,90.6654892,90.12792206,89.54698181,88.92250061,88.29959106,87.67907715,87.06175232,86.44839478,85.83795929,85.23426819,84.6370163,84.04646301,83.46294403,82.88677216,82.31774902,81.75561523,81.19998169,80.65041351,80.10642242,79.56745911,79.03291321,78.50216675,77.97454834,77.44936371,76.92592621,76.40353394,75.88150787,75.35916901,74.83589172,74.31105804,73.78411102,73.25453186,72.72184753,72.1856308,71.64548492,71.10110474,70.55237579,70
-999.9899902,-999.9899902,93.75347137,93.60749054,93.39992523,93.19364929,92.95115662,92.67101288,92.35190582,91.99265289,91.59216309,91.14942169,90.66362762,90.1342392,89.56092072,88.94347382,88.32699585,87.7122879,87.10015869,86.49137115,85.88485718,85.28442383,84.6897583,84.10106659,83.51864624,82.94269562,82.3731842,81.80992126,81.25263977,80.70097351,80.1545105,79.61277008,79.0752182,78.54127502,78.01033783,77.48178864,76.95497894,76.42926788,75.90401459,75.37859344,74.85240936,74.32489014,73.79547882,73.26368713,72.72902679,72.19106293,71.64937592,71.10360718,70.55360413,70
-999.9899902,-999.9899902,-999.9899902,93.58006287,93.38446045,93.13346863,92.89565277,92.62219238,92.3110733,91.96068573,91.56943512,91.13572693,90.65838623,90.13671112,89.57036591,88.95919037,88.34832764,87.7386322,87.13092041,86.52600098,85.92279816,85.32510376,84.73259735,84.14546967,83.56397247,82.98830414,82.41847229,81.85439301,81.29584503,80.74254608,80.19412994,79.650177,79.1102066,78.57369995,78.0401001,77.50882721,76.97928619,76.45088196,75.92300415,75.39507294,74.86650848,74.3367691,73.80532837,73.27167511,72.73535156,72.19589233,71.65286255,71.10586548,70.55471802,70
-999.9899902,-999.9899902,-999.9899902,-999.9899902,93.34816742,93.11777496,92.83197021,92.56686401,92.26498413,91.92456055,91.54360962,91.11949921,90.65058899,90.13619232,89.57611847,88.97039032,88.36428833,87.75875092,87.15467834,86.55290222,85.95237732,85.35688782,84.76611328,84.18024445,83.59951782,83.02411652,82.45410919,81.88944244,81.32995605,80.77542114,80.2255249,79.67987061,79.13803864,78.59954071,78.06386566,77.5304718,76.99879456,76.46827698,75.93833923,75.40843201,74.87799072,74.34649658,73.81343079,73.27829742,72.74062347,72.19994354,71.65579987,71.10778046,70.55565643,70
-999.9899902,-999.9899902,-999.9899902,-999.9899902,-999.9899902,93.08052826,92.82331848,92.50415802,92.2129364,91.88402557,91.51546478,91.10195923,90.64148712,90.13375854,89.57907867,88.97782135,88.37551117,87.77323151,87.17196655,86.57258606,85.97410583,85.38027954,84.79080963,84.20588684,83.62574768,83.05058289,82.48048401,81.91542053,81.35527802,80.79986572,80.24888611,79.70200348,79.15880585,78.61885071,78.08165741,77.54670715,77.01345825,76.48138428,75.94992828,75.41855621,74.88672638,74.35391998,73.81964111,73.28339386,72.74469757,72.20308685,71.65808868,71.10927582,70.55639648,70
-999.9899902,-999.9899902,-999.9899902,-999.9899902,-999.9899902,-999.9899902,92.79889679,92.51004028,92.15408325,91.83825684,91.48685455,91.08538055,90.63291168,90.13076019,89.58022308,88.98223877,88.38260651,87.78257751,87.18322754,86.58547974,85.98836517,85.39565277,84.80706787,84.22277832,83.64303589,83.06804657,82.49789429,81.9325943,81.37203979,80.81604767,80.26437378,79.71669006,79.17260742,78.63169861,78.09350586,77.55752563,77.02325439,76.49015045,75.95769501,75.42534637,74.89260101,74.35892487,73.82383728,73.28684235,72.74746704,72.20522308,71.65965271,71.11029816,70.55690002,70
-999.9899902,-999.9899902,-999.9899902,-999.9899902,-999.9899902,-999.9899902,-999.9899902,92.5043869,92.17378235,91.78323364,91.46303558,91.07387543,90.62735748,90.12867737,89.58049011,88.98425293,88.38602448,87.78715515,87.18877411,86.59185028,85.99542236,85.40328217,84.81512451,84.23116302,83.65162659,83.07672119,82.50655365,81.94113159,81.38037872,80.82411194,80.27209473,79.72401428,79.17948914,78.63811493,78.09942627,77.5629425,77.02815247,76.49454498,75.961586,75.42876434,74.89555359,74.3614502,73.82595825,73.28858948,72.74886322,72.20630646,71.66044617,71.11081696,70.55715942,70
-999.9899902,-999.9899902,-999.9899902,-999.9899902,-999.9899902,-999.9899902,-999.9899902,-999.9899902,-999.9899902,-999.9899902,-999.9899902,-999.9899902,-999.9899902,-999.9899902,-999.9899902,-999.9899902,-999.9899902,-999.9899902,-999.9899902,-999.9899902,-999.9899902,-999.9899902,-999.9899902,-999.9899902,-999.9899902,-999.9899902,-999.9899902,-999.9899902,-999.9899902,-999.9899902,-999.9899902,-999.9899902,-999.9899902,-999.9899902,-999.9899902,-999.9899902,-999.9899902,-999.9899902,-999.9899902,-999.9899902,-999.9899902,-999.9899902,-999.9899902,-999.9899902,-999.9899902,-999.9899902,-999.9899902,-999.9899902,-999.9899902,70
,,,,,,,,,,,,,,,,,,,,,,,,,,,,,,,,,,,,,,,,,,,,,,,,,
-999.9899902,-999.9899902,-999.9899902,-999.9899902,-999.9899902,-999.9899902,-999.9899902,-999.9899902,-999.9899902,-999.9899902,-999.9899902,-999.9899902,-999.9899902,-999.9899902,-999.9899902,-999.9899902,-999.9899902,-999.9899902,-999.9899902,-999.9899902,-999.9899902,-999.9899902,-999.9899902,-999.9899902,-999.9899902,-999.9899902,-999.9899902,-999.9899902,-999.9899902,-999.9899902,-999.9899902,-999.9899902,-999.9899902,-999.9899902,-999.9899902,-999.9899902,-999.9899902,-999.9899902,-999.9899902,-999.9899902,-999.9899902,-999.9899902,-999.9899902,-999.9899902,-999.9899902,-999.9899902,-999.9899902,-999.9899902,-999.9899902,70
-999.9899902,-999.9899902,-999.9899902,-999.9899902,-999.9899902,-999.9899902,-999.9899902,-999.9899902,-999.9899902,91.86026764,91.53671265,91.14347076,90.69257355,90.1893692,89.6366272,89.03593445,88.43331146,87.83022308,87.2278595,86.62721252,86.01802826,85.41529846,84.81882477,84.22842407,83.64398193,83.06536865,82.49243164,81.92497253,81.36276245,80.80550385,80.25283813,79.70436859,79.15964508,78.61817932,78.07946014,77.54294586,77.00807953,76.47431183,75.94109344,75.40790558,74.87423706,74.33963776,73.80370331,73.26609039,72.72653961,72.18490601,71.64116669,71.09547424,70.54820251,70
-999.9899902,-999.9899902,-999.9899902,-999.9899902,-999.9899902,-999.9899902,-999.9899902,-999.9899902,92.23596191,91.91651154,91.56106567,91.15525818,90.69825745,90.19146729,89.63627625,89.03375244,88.42966461,87.82537079,87.22199249,86.6204834,86.01062775,85.40737152,84.81049347,84.21982574,83.63522339,83.0565567,82.4836731,81.91637421,81.35439301,80.79743958,80.24514771,79.69711304,79.15286255,78.61190796,78.07371521,77.53773499,77.00341034,76.4701767,75.93747711,75.40478516,74.87158203,74.3374176,73.80187225,73.26461792,72.72537994,72.18402863,71.64054108,71.09506989,70.54800415,70
-999.9899902,-999.9899902,-999.9899902,-999.9899902,-999.9899902,-999.9899902,-999.9899902,92.59170532,92.29666901,91.96351624,91.59048462,91.17232513,90.70705414,90.19446564,89.63494873,89.02899933,88.42209625,87.81544495,87.21006775,86.60688019,85.99568939,85.39138794,84.79372406,84.20251465,83.61761475,83.03886414,82.46609497,81.89910126,81.33760071,80.78128052,80.22975159,79.68257904,79.13928986,78.59934998,78.06222534,77.52733612,76.99410248,76.46194458,75.93028259,75.39858246,74.86631775,74.33301544,73.79826355,73.26171112,72.72310638,72.18231201,71.63931274,71.09427643,70.54761505,70
-999.9899902,-999.9899902,-999.9899902,-999.9899902,-999.9899902,-999.9899902,92.92614746,92.65698242,92.35063934,92.00551605,91.61965179,91.19047546,90.71641541,90.19684601,89.63166809,89.02101135,88.41012573,87.80004883,87.19174957,86.58608246,85.97294617,85.36711121,84.76830292,84.17630768,83.59096527,83.01211548,82.43955231,81.87304688,81.31228638,80.75693512,80.20657349,79.66072845,79.11888885,78.580513,78.0450058,77.51176453,76.98018646,76.44966125,75.91957855,75.38938141,74.85852814,74.32653046,73.79295349,73.25746155,72.71979523,72.1798172,71.63754272,71.09314728,70.54706573,70
-999.9899902,-999.9899902,-999.9899902,-999.9899902,-999.9899902,93.23521423,92.99314117,92.71498871,92.39890289,92.04329681,91.64663696,91.20739746,90.72446442,90.19722748,89.62542725,89.00901794,88.39311218,87.77866364,87.16656494,86.55764008,85.94199371,85.33417511,84.73388672,84.14089966,83.55502319,82.97607422,82.40383148,81.83802032,81.27830505,80.72428894,80.17552185,79.63150024,79.09165192,78.55538177,78.02207184,77.49108124,76.96174622,76.4334259,75.90547943,75.37731171,74.84835052,74.31809998,73.78610229,73.25201416,72.71557617,72.17666626,71.63531494,71.09172821,70.54637909,70
-999.9899902,-999.9899902,-999.9899902,-999.9899902,93.51002502,93.29943848,93.05212402,92.76678467,92.44215393,92.07711792,91.67064667,91.22181702,90.7299118,90.19447327,89.61526489,88.99220276,88.3703537,87.75063324,87.13391113,86.52098846,85.90232086,85.29212952,84.69007874,84.09592438,83.50945282,82.93045807,82.35868073,81.79380798,81.23545837,80.68319702,80.13650513,79.59481812,79.05752563,78.52397156,77.99347687,77.46534729,76.93887329,76.4133606,75.88813019,75.36253357,74.83597565,74.30792236,73.7779007,73.24555206,72.71062469,72.17301178,71.63275146,71.09011841,70.54560089,70
-999.9899902,-999.9899902,-999.9899902,93.73999786,93.56814575,93.35665131,93.10534668,92.81372833,92.48123169,92.10729218,91.69137573,91.2330246,90.73188019,90.18769073,89.60033417,88.96976471,88.34108734,87.71524048,87.09308624,86.47544098,85.85331726,85.24042511,84.63639069,84.04093933,83.45386505,82.87490845,82.30379486,81.74015808,81.18356323,80.63349915,80.08939362,79.55062103,79.01649475,78.48628998,77.95927429,77.43466949,76.91172028,76.38965607,75.86774445,75.34529114,74.82165527,74.29624939,73.76860046,73.23832703,72.70516968,72.16904449,71.63002777,71.08841705,70.54478455,70
-999.9899902,-999.9899902,93.91640472,93.79160309,93.62255096,93.41021729,93.15509796,92.85738373,92.51712799,92.1342926,91.70882416,91.24066162,90.72977448,90.17616272,89.5798645,88.9409256,88.30454254,87.67169952,87.04330444,86.42020416,85.79429626,85.17845154,84.57228088,83.97548676,83.38784027,82.80908203,82.23887634,81.67681122,81.12239075,80.5750351,80.03408813,79.49884796,78.96855164,78.44239807,77.91956329,77.39920044,76.88046265,76.36252594,75.8445816,75.3258667,74.80569458,74.28342438,73.75855255,73.23066711,72.69952393,72.16503906,71.62734222,71.08678436,70.54402161,70
-999.9899902,94.03312683,93.9637146,93.84442902,93.67707825,93.46312714,93.2036438,92.89938354,92.55093384,92.15873718,91.72316742,91.24455261,90.72318268,90.15930176,89.55314636,88.9048996,88.25987244,87.61914063,86.98368073,86.35437775,85.72450256,85.10558319,84.49720764,83.899086,83.31098175,82.73262024,82.16362762,81.60353851,81.05177307,80.5076828,79.97052002,79.43949127,78.91374207,78.39237976,77.8744812,77.3591156,76.84535217,76.33226776,75.81896973,75.30464172,74.7884903,74.26985168,73.74815369,73.22296906,72.69404602,72.16132355,71.62496185,71.08540344,70.543396,70
-999.9899902,94.07918549,94.01818085,93.9024353,93.7350769,93.5181427,93.2531662,92.94136047,92.58376312,92.18126678,91.73465729,91.24461365,90.71173859,90.13655853,89.51947784,88.86087799,88.20619965,87.556633,86.91324615,86.27694702,85.64316559,85.02118683,84.41065216,83.81130219,83.22293091,82.64523315,82.07781982,81.52015686,80.97158813,80.4313736,79.89867401,79.37258911,78.85215759,78.33638763,77.82424164,77.31469727,76.80670166,76.29924011,75.79133606,75.28205109,74.77053833,74.25603485,73.7379303,73.21574402,72.68921661,72.15830231,71.62322235,71.0845108,70.54302979,70
-999.9899902,94.14370728,94.08470917,93.96920013,93.79954529,93.57777405,93.30567932,92.98484802,92.61670685,92.20256042,91.74357605,91.24079132,90.69512939,90.10736084,89.47813416,88.80800629,88.14256287,87.48312378,86.83092499,86.1870575,85.54960632,84.92470551,84.31214142,83.7117691,83.12338257,82.54670715,81.98130035,81.42657471,80.88179016,80.34612274,79.81861877,79.29827118,78.78398895,78.27466583,77.76914978,77.26628113,76.76490784,76.26390076,75.76216125,75.25865173,74.75241089,74.24258423,73.72848511,73.2095871,72.68560028,72.15648651,71.62254333,71.08440399,70.54308319,70
-999.9899902,94.22466278,94.16508484,94.04725647,93.8730011,93.64429474,93.36309052,93.03131866,92.65080261,92.22322845,91.75016022,91.23299408,90.67295837,90.07111359,89.42829895,88.74533081,88.0680542,87.39794159,86.73631287,86.08436584,85.44332886,84.81564331,84.20126343,83.60014343,83.01210785,82.43688965,81.87400818,81.32280731,80.78248596,80.25209045,79.73057556,79.21679688,78.70954132,78.20757294,77.70959473,77.21433258,76.72049713,76.22681427,75.73207092,75.23509216,74.73480225,74.23022461,73.72057343,73.20523834,72.68388367,72.15650177,71.62342834,71.08543396,70.54373932,70
-999.9899902,94.32263947,94.26106262,94.13890076,93.95780945,93.71981812,93.42717743,93.08215332,92.68698883,92.24381256,91.75457764,91.22102356,90.6447525,90.02718353,89.3694458,88.67249298,87.9823761,87.30070496,86.62892151,85.96833801,85.3237915,84.69352722,84.07764435,83.47615814,82.88895416,82.31572723,81.75598145,81.20900726,80.67388916,80.14958191,79.63491058,79.12859344,78.62929535,78.13562012,77.64614868,77.15944672,76.67408752,76.18865204,75.70178223,75.21215057,74.71852112,74.21980286,73.71504211,73.20354462,72.68490601,72.15908813,71.62650299,71.0880661,70.54523468,70
-999.9899902,94.43963623,94.37496948,94.24662018,94.05635834,93.8065033,93.49967194,93.13863373,92.72612762,92.26470947,91.7568512,91.20479584,90.61048126,89.97557831,89.30142975,88.58917999,87.88505554,87.19084167,86.50810242,85.83825684,85.19039154,84.55789185,83.94095612,83.33964539,82.75386047,82.18330383,81.62742615,81.08545685,80.55639648,80.03907013,79.53217316,79.0342865,78.54391479,78.05952454,77.57953644,77.10237885,76.62646484,76.15022278,75.6721344,75.19068909,74.70449829,74.21227264,73.71289825,73.20552063,72.6896286,72.16513062,71.63250732,71.09282684,70.54785919,70
-999.9899902,94.57874298,94.50990295,94.37339783,94.17134094,93.90657806,93.5823288,93.20199585,92.76893616,92.28644562,91.75748444,91.18466187,90.57025146,89.9161377,89.22390747,88.49485779,87.7754364,87.06756592,86.37297058,85.69317627,85.04242706,84.40827942,83.79096985,83.19056702,82.60697937,82.03990173,81.48875427,80.95269775,80.43063354,79.92127228,79.42314911,78.93469238,78.45426941,77.9801712,77.51067352,77.04405212,76.5785675,76.11248779,75.64409637,75.17172241,74.6937561,74.20870209,73.71523285,73.21228027,72.69915009,72.17568207,71.64233398,71.1003952,70.55196381,70
-999.9899902,94.74411774,94.66983795,94.52280426,94.30579376,94.02248383,93.67691803,93.27355194,92.81659698,92.30991364,91.75697327,91.16078949,90.52391052,89.84848785,89.1362915,88.38877869,87.65259552,86.92985535,86.22240448,85.53192139,84.87911987,84.2443161,83.62766266,83.0291748,82.44876099,81.88613892,81.34070587,80.81156921,80.29753876,79.79718018,79.30887604,78.83090973,78.36145782,77.89866638,77.4406662,76.98556519,76.53147125,76.07648468,75.61872101,75.15630341,74.68738556,74.2102356,73.72322845,73.22503662,72.71471405,72.19189453,71.6570282,71.11153412,70.55797577,70
-999.9899902,94.94116974,94.85980988,94.69922638,94.46324158,94.15689087,93.78569794,93.35513306,92.87029266,92.33576202,91.75553131,91.13299561,90.47102356,89.77196503,89.03772736,88.26991272,87.51537323,86.77638245,86.05498505,85.35299683,84.6996994,84.06587219,83.45140076,82.85620117,82.28019714,81.72315979,81.18454742,80.66342163,80.1585083,79.66822815,79.19081116,78.72434235,78.26686096,77.81634521,77.37077332,76.92810822,76.48631287,76.0433197,75.59706879,75.14546967,74.68643951,74.21794128,73.73802948,73.24501038,72.73757172,72.21504974,71.67772675,71.12715149,70.56639099,70
-999.9899902,95.17691803,95.08621216,94.9079895,94.64808655,94.31343842,93.91123962,93.44832611,92.93087006,92.36421967,91.75292206,91.10075378,90.41080475,89.68556213,88.92705536,88.13694,87.3622818,86.60553741,85.86896515,85.15459442,84.50352478,83.87332153,83.26329803,82.67321777,82.10311127,81.55294037,81.02231598,80.5103302,80.01560974,79.53645325,79.07089233,78.61685944,78.17221832,77.73480988,77.30245209,76.8730011,76.44425964,76.01403046,75.5800705,75.14008331,74.69173431,74.23265839,73.76053619,73.27320099,72.76885223,72.24634552,71.70561981,71.14823914,70.57778168,70
-999.9899902,95.46059418,95.35729218,95.15615845,94.86577606,94.49581909,94.05579376,93.55426788,92.99860382,92.39497375,91.74842072,91.06302643,90.3420105,89.5879364,88.80280304,87.98827362,87.19155121,86.41532898,85.66220093,84.93451691,84.29038239,83.66804504,83.06578827,82.48320007,81.92069244,81.37873077,80.85723877,80.35543823,79.87188721,79.40472412,78.95182037,78.51092529,78.07974243,77.65598297,77.23736572,76.8216095,76.40641785,75.98946381,75.56835175,75.14058685,74.70358276,74.25465393,73.79103088,73.31002045,72.80916595,72.28661346,71.74170685,71.17572784,70.59273529,70
-999.9899902,95.80505371,95.68445587,95.45238495,95.12211609,94.70748138,94.22101593,93.67331696,93.07299042,92.42694855,91.74060059,91.01818085,90.26293945,89.47733307,88.66320038,87.82203674,87.00110626,86.20336914,85.43201447,84.69005585,84.06103516,83.4533844,82.86357117,82.29137421,81.73823547,81.20567322,80.69428253,80.20347595,79.73176575,79.27713776,78.8372879,78.40979767,77.99224091,77.58223724,77.17739105,76.77535248,76.37374878,75.97014618,75.56202698,75.14673615,74.72145844,74.28317261,73.8286972,73.35471344,72.85799408,72.33573151,71.78627777,71.21018982,70.61172485,70
-999.9899902,96.22862244,96.08233643,95.80654907,95.42280579,94.95100403,94.40739441,93.80464172,93.15241241,92.45806885,91.72717285,90.96389008,90.1713028,89.35159302,88.50621796,87.63621521,86.78865814,85.96681976,85.17499542,84.41771698,83.81845856,83.23634338,82.66526031,82.10652924,81.56416321,81.04174805,80.54092407,80.06138611,79.60161591,79.15942383,78.73233032,78.31781006,77.91333771,77.51644135,77.12468719,76.73567963,76.34699249,75.95612335,75.56047821,75.15727234,74.74351501,74.31591034,73.8708725,73.40450287,72.9127121,72.39156342,71.83796692,71.25111389,70.63478088,70
-999.9899902,96.75777435,96.56976318,96.22918701,95.77227783,95.22701263,94.61341858,93.94564056,93.23374939,92.48505402,91.70484161,90.89698029,90.06417847,89.20814514,88.3296814,87.4289093,86.55199432,85.70239258,84.8863678,84.11222076,83.57078552,83.03092194,82.48578644,81.94278717,81.41143799,80.89888,80.40812683,79.93917847,79.49039459,79.05944824,78.64374542,78.24066162,77.84762573,77.46212769,77.0817337,76.70401001,76.3265152,75.94673157,75.56201935,75.16952515,74.76612091,74.34833527,73.91226196,73.45352173,72.96727753,72.4484024,71.89212799,71.29551697,70.66069031,70
-999.9899902,97.43452454,97.17023468,96.72914124,96.17127991,95.53251648,94.83457947,94.09133148,93.31203461,92.50312805,91.66915894,90.8133316,89.93784332,89.04386139,88.13127136,87.19863892,86.28928375,85.40596771,84.55749512,83.76135254,83.33951569,82.86404419,82.34945679,81.82130432,81.29883575,80.79405975,80.31127167,79.85055542,79.41015625,78.98763275,78.58032227,78.18557739,77.8008194,77.42353821,77.05129242,76.68167877,76.31224823,75.94049072,75.56374359,75.17913055,74.78347015,74.3731842,73.94420624,73.49185944,73.01079559,72.49504089,71.9383316,71.33539581,70.68538666,70
-999.9899902,98.33154297,97.90570831,97.30536652,96.61141968,95.85771179,95.06170654,94.2336731,93.38021088,92.50602722,91.61437225,90.70755768,89.78710938,88.8537674,87.90716553,86.9444046,85.99977112,85.07372284,84.17539215,83.33565521,83.18847656,82.78403473,82.29051208,81.76959991,81.25054932,80.74904633,80.26968384,79.81243134,79.37547302,78.95633698,78.55236053,78.16090393,77.77938843,77.40532684,77.0362854,76.66986847,76.3036499,75.93511963,75.56162262,75.18026733,74.78788757,74.380867,73.95510101,73.50584412,73.02759552,72.51410675,71.95858002,71.35453796,70.69876862,70
-999.9899902,97.41885376,97.15462494,96.71379089,96.15648651,95.51823425,94.82064056,94.07781982,93.2990799,92.49069214,91.65715027,90.80168915,89.92642975,89.03250122,88.11989594,87.1871109,86.27796173,85.39501953,84.54719543,83.75279236,83.33047485,82.85443878,82.33939362,81.81085205,81.28804016,80.78295898,80.29990387,79.83894348,79.39833832,78.97562408,78.56816101,78.17329407,77.78845215,77.41113281,77.03890991,76.66938019,76.30010986,75.92858887,75.5521698,75.16797638,74.77282715,74.36317444,73.93493652,73.48345947,73.00341034,72.48881531,71.93344116,71.3319931,70.6836319,70
-999.9899902,96.7281723,96.54016113,96.19961548,95.74272919,95.19750214,94.58414459,93.91708374,93.2062912,92.45861053,91.67938232,90.87255096,90.04075623,89.18557739,88.30783844,87.40769958,86.53189087,85.6836319,84.8690567,84.09670258,83.5528717,83.01172638,82.46576691,81.92209625,81.39012146,80.87698364,80.38569641,79.91625977,79.46705627,79.03574371,78.61973572,78.21642303,77.82324219,77.43770599,77.05738831,76.67987061,76.30272675,75.92344666,75.53941345,75.14776611,74.7454071,74.32886505,73.89426422,73.4372406,72.95297241,72.43637848,71.88269043,71.28897095,70.65731812,70
-999.9899902,96.18695068,96.04058075,95.76467133,95.38079071,94.90888214,94.3653183,93.76286316,93.11114502,92.41744995,91.68737793,90.92527771,90.13410187,89.31568146,88.47149658,87.60280609,86.75706482,85.93734741,85.14770508,84.39251709,83.79053497,83.20706177,82.63511658,82.07563019,81.53249359,81.00930023,80.50772858,80.02751923,79.56715393,79.12445068,78.69696808,78.28217316,77.87757111,77.48069763,77.08914948,76.70053864,76.31244659,75.9223938,75.52780151,75.1259079,74.7137146,74.2879715,73.8451004,73.38124084,72.89233398,72.37447357,71.82457733,71.24184418,70.63002014,70
-999.9899902,95.75330353,95.63250732,95.40014648,95.0695343,94.65458679,94.16791534,93.62014771,93.01993561,92.37414551,91.68824768,90.9664917,90.21211243,89.4274826,88.61444855,87.77467346,86.95574188,86.16046906,85.39160919,84.65197754,84.02157593,83.41329956,82.82301331,82.25022888,81.69633484,81.16292572,80.65068817,80.15910339,79.6867218,79.23155212,78.79130554,78.36359406,77.94600677,77.53617096,77.13172913,76.73033905,76.32962799,75.92720032,75.52053833,75.10701752,74.68383026,74.24799347,73.79633331,73.32558441,72.83255005,72.3144455,71.76964569,71.19870758,70.60584259,70
-999.9899902,95.40087891,95.29721069,95.09555054,94.80457306,94.43403625,93.99350739,93.49157715,92.93565369,92.33190918,91.68539429,91.00020599,90.27957153,89.52602386,88.74160004,87.92803955,87.1326828,86.35820007,85.60703278,84.88150024,84.23849487,83.61676788,83.01470184,82.43190002,81.86882782,81.32608795,80.80378723,80.30123138,79.81705475,79.34941864,78.89621735,78.45523834,78.02420807,77.60083771,77.18287659,76.76805878,76.35410309,75.93869781,75.51946259,75.09392548,74.65951538,74.21357727,73.75337219,73.27623749,72.77974701,72.26209259,71.72261047,71.16259003,70.58602142,70
-999.9899902,95.11157227,95.02013397,94.84104156,94.58022308,94.24467468,93.84165192,93.37800598,92.85993195,92.29278564,91.68112946,91.02874756,90.33872986,89.61358643,88.85534668,88.0657196,87.29182434,86.53610992,85.80075073,85.08770752,84.43968201,83.811203,83.20204163,82.61218262,82.04180908,81.49108887,80.95982361,80.44722748,79.95202637,79.47254944,79.00688934,78.55298615,78.10873413,77.67198181,77.24059296,76.81240082,76.38525391,75.95695496,75.52528381,75.08796692,74.64268494,74.18709564,73.71891022,73.23600769,72.73658752,72.21955109,71.68484497,71.13400269,70.57052612,70
-999.9899902,94.87203979,94.78982544,94.62798309,94.39067841,94.08307648,93.71071625,93.27908325,92.79327393,92.25787354,91.67688751,91.05374146,90.39128113,89.69187927,88.95746613,88.18964386,87.43532562,86.69676208,85.97593689,85.27461243,84.62534332,83.99398041,83.38088989,82.78630829,82.21038055,81.6530838,81.11408997,80.59259796,80.08742523,79.59706879,79.11978912,78.65371704,78.19690704,77.74736023,77.30307007,76.86201477,76.42217255,75.98149872,75.53793335,75.08940887,74.63387299,74.16929626,73.69377136,73.20562744,72.70355988,72.18693542,71.65602112,71.11234283,70.55886841,70
-999.9899902,94.67201233,94.59714508,94.44897461,94.23046112,93.94550323,93.59844971,93.19367981,92.73539734,92.22748566,91.67341614,91.07621002,90.43843079,89.76225281,89.04943085,88.30145264,87.56499481,86.84214783,86.13473511,85.44436646,84.79608917,84.16417694,83.54925537,82.95170593,82.37168884,81.80911255,81.26359558,80.734375,80.22036743,79.72020721,79.23233795,78.75505829,78.28659058,77.82509613,77.36870575,76.91555786,76.46376801,76.01145935,75.55674744,75.09777069,74.63272095,74.1598587,73.67759705,73.18460846,72.67996216,72.16330719,71.63505554,71.09660339,70.55041504,70
-999.9899902,94.50419617,94.43501282,94.2977829,94.09461212,93.82828522,93.50230408,93.12020874,92.68548584,92.20140076,91.67092896,91.09669495,90.48097229,89.82568359,89.13240814,88.40245056,87.68229675,86.97386932,86.27884674,85.59873962,84.95269775,84.3216629,83.70631409,83.10708618,82.52414703,81.95740509,81.40647125,80.87062836,80.34888458,79.84002686,79.34264374,78.85519409,78.37606812,77.90358734,77.43603516,76.97170258,76.5088501,76.04576111,75.58074188,75.11212921,74.63832092,74.15782928,73.66934204,73.17179871,72.66451263,72.14730072,71.62062073,71.08568573,70.54454041,70
-999.9899902,94.36296844,94.29821014,94.16957855,93.97873688,93.7279129,93.41965485,93.05684662,92.6423645,92.1789856,91.6692276,91.11535645,90.51934052,89.88283539,89.20722961,88.49365234,87.78839111,87.09320068,86.40964508,85.73912048,85.09599304,84.4666748,83.85181427,83.25183868,82.66690826,82.09693909,81.54154968,81.00008392,80.47164154,79.95513153,79.44927979,78.95270538,78.46395111,77.98148346,77.50374603,77.02916718,76.55617523,76.08320618,75.60874176,75.13128662,74.64945221,74.16194916,73.66768646,73.16579437,72.65576172,72.13748932,71.61141968,71.07858276,70.54067993,70
-999.9899902,94.24391174,94.18257141,94.06066895,93.8796463,93.64134979,93.34792328,93.00162506,92.60463715,92.15933228,91.66783905,91.13205719,90.55365753,89.93408203,89.2744751,88.57580566,87.88415527,87.20114899,86.52820587,85.86663818,85.22672272,84.59959412,83.98582458,83.38577271,82.79957581,82.22714233,81.66812134,81.12191772,80.58770752,80.0644989,79.55117035,79.04647064,78.54907227,78.0575943,77.57063293,77.08676147,76.60454559,76.12258911,75.63951111,75.1539917,74.66481781,74.17086792,73.67121887,73.16516113,72.65227509,72.13252258,71.6062851,71.07443237,70.53836823,70
-999.9899902,94.14360046,94.08479309,93.96800995,93.79463959,93.56637573,93.28505707,92.95256805,92.57073975,92.14134979,91.66602325,91.14639282,90.58383942,89.97954559,89.33447266,88.64940643,87.97023773,87.29844666,86.63534546,85.98214722,85.34552765,84.72084808,84.1085434,83.50888824,82.92197418,82.34771729,81.78575897,81.23557281,80.69641113,80.16738892,79.6474762,79.13556671,78.63046265,78.13091278,77.63565826,77.14339447,76.65283966,76.16273499,75.67185211,75.17901611,74.68315125,74.18328857,73.67863464,73.16858673,72.65280151,72.13124847,71.60424042,71.0725174,70.53723907,70
-999.9899902,94.05950165,94.00229645,93.88905334,93.72138214,93.50095367,93.22943115,92.90841675,92.53940582,92.12380219,91.66288757,91.1578064,90.60957336,90.0191803,89.38735962,88.71474457,88.04705048,87.38562012,86.73166656,86.08630371,85.45294189,84.83081818,84.22021484,83.62128448,83.03408813,82.45850372,81.89420319,81.34069061,80.79729462,80.26321411,79.7375412,79.21926117,78.70730591,78.20056152,77.69787598,77.1980896,76.70004272,76.20261383,75.70468903,75.20523834,74.70330811,74.19805908,73.68877411,73.17494202,72.65625763,72.13269043,71.60448456,71.072258,70.53697205,70
-999.9899902,93.99000549,93.93313599,93.8216629,93.6577301,93.44313812,93.17941284,92.86789703,92.509758,92.10606384,91.6577301,91.16561127,90.63040924,90.05275726,89.43309784,88.77194977,88.11485291,87.46302795,86.81758881,86.17956543,85.54936218,84.92984009,84.32107544,83.72312164,83.13595581,82.55944824,81.99328613,81.43700409,80.88999176,80.35153961,79.82082367,79.29694366,78.77893066,78.26580048,77.75650787,77.25001526,76.74528503,76.24131012,75.73709869,75.23171997,74.72433472,74.21418762,73.70065308,73.18326569,72.66174316,72.13603973,71.60634613,71.07316589,70.537323,70
-999.9899902,93.93475342,93.87586212,93.76384735,93.60160828,93.39099884,93.13334656,92.82968903,92.48085785,92.08753204,91.65031433,91.16970825,90.64614105,90.07998657,89.47151184,88.82099152,88.1737442,87.53085327,86.89337158,86.26223755,85.63510895,85.01819611,84.41136169,83.81454468,83.22766113,82.65055084,82.08292389,81.52433777,80.97425842,80.43202972,79.89692688,79.36813354,78.84481049,78.32604218,77.81092072,77.29850769,76.78787994,76.27810669,75.76831818,75.25767517,74.74541473,74.23086548,73.7134552,73.19275665,72.66850281,72.14063263,71.60928345,71.07487488,70.5381012,70
-999.9899902,93.89579773,93.82898712,93.71334839,93.55071259,93.34243774,93.08946228,92.79240417,92.45168304,92.06758881,91.64034271,91.17011261,90.65705109,90.10127258,89.50287628,88.86195374,88.22371674,87.58914948,86.95914459,86.33448792,85.71042633,85.09613037,84.49128723,83.89572906,83.30931091,82.73184967,82.16307831,81.60259247,81.04990387,80.50444031,79.96553802,79.43249512,78.90453339,78.380867,77.86065674,77.34307098,76.82726288,76.31241608,75.79772949,75.28244781,74.76587677,74.24739075,73.72648621,73.20275879,72.67593384,72.14594269,71.61286926,71.07706451,70.53913879,70
-999.9899902,-999.9899902,93.78816223,93.66693878,93.50229645,93.29512787,93.04585266,92.75456238,92.4211731,92.04554749,91.62749481,91.16682434,90.66339111,90.11708832,89.52781677,88.89555359,88.26540375,87.63827515,87.01499939,86.39635468,85.77553558,85.16390991,84.56109619,83.96685028,83.38101959,82.80341339,82.23376465,81.67172241,81.11684418,80.5686264,80.02648163,79.48978424,78.9578476,78.42995453,77.90535736,77.38330078,76.86302948,76.34378052,75.82484436,75.30551147,74.78516388,74.26322174,73.73920441,73.21273041,72.68354034,72.15151978,71.61675262,71.07949829,70.54030609,70
-999.9899902,-999.9899902,-999.9899902,93.62089539,93.45321655,93.24647522,93.00046539,92.71460724,92.38825226,92.02075195,91.61148071,91.15986633,90.66545105,90.12788391,89.54694366,88.92249298,88.29959106,87.67906952,87.06174469,86.44837952,85.83086395,85.22187805,84.6210556,84.02814484,83.44297028,82.86535645,82.29505157,81.73175049,81.17506409,80.62454224,80.07967377,79.5398941,79.00458527,78.47310638,77.94478607,77.41892242,76.89483643,76.37184143,75.84925842,75.32645416,74.80284882,74.2779007,73.75115204,73.22224426,72.69091034,72.15703583,71.62064362,71.08197784,70.54151154,70
-999.9899902,-999.9899902,-999.9899902,-999.9899902,93.3997879,93.19361115,92.95111847,92.67097473,92.35186768,91.99261475,91.59212494,91.14938354,90.66358185,90.13419342,89.56087494,88.94347382,88.32699585,87.7122879,87.10015106,86.4913559,85.87696075,85.27045441,84.67149353,84.07985687,83.49536896,82.91783905,82.34706879,81.78277588,81.22462463,80.67222595,80.12510681,79.5827713,79.0446701,78.51020813,77.97877502,77.44973755,76.92246246,76.3963089,75.8706665,75.34493256,74.81856537,74.2910614,73.76197052,73.23095703,72.69773865,72.16220093,71.62433624,71.08435059,70.54266357,70
-999.9899902,-999.9899902,-999.9899902,-999.9899902,-999.9899902,93.13330841,92.89561462,92.62214661,92.31103516,91.96064758,91.56939697,91.13568878,90.65834045,90.13667297,89.57032776,88.95919037,88.34832764,87.73862457,87.13092041,86.52598572,85.91436768,85.31007385,84.71279144,84.12231445,83.53846741,82.96109009,82.38999939,81.82495117,81.26564789,80.71173859,80.16281128,79.61841583,79.07804871,78.54116821,78.00720215,77.47557831,76.9457016,76.41697693,75.88882446,75.36068726,74.83204651,74.30241394,73.77137756,73.2385788,72.7037735,72.16679382,71.62763977,71.08648682,70.54371643,70
-999.9899902,-999.9899902,-999.9899902,-999.9899902,-999.9899902,-999.9899902,92.83179474,92.56682587,92.26494598,91.9245224,91.54357147,91.11945343,90.65055084,90.13614655,89.57607269,88.97038269,88.3642807,87.75874329,87.15467834,86.55288696,85.94360352,85.34117889,84.74531555,84.15582275,83.57254028,82.99533844,82.42403412,81.85842896,81.29824829,80.74318695,80.19286346,79.64686584,79.1047287,78.56594849,78.03001404,77.49635315,76.96443176,76.43367767,75.90354919,75.37351227,74.84306335,74.31174469,73.77914429,73.24491882,72.7088089,72.1706543,71.63043213,71.08829498,70.54460144,70
-999.9899902,-999.9899902,-999.9899902,-999.9899902,-999.9899902,-999.9899902,-999.9899902,92.50395203,92.21289825,91.88398743,91.51541901,91.10192108,90.64144135,90.13371277,89.5790329,88.97782135,88.37551117,87.77323151,87.17196655,86.57257843,85.96511841,85.36414337,84.76938629,84.18067169,83.59784698,83.02080536,82.44937134,81.88337708,81.3225708,80.7666626,80.2153244,79.66815186,79.12471771,78.58454895,78.04714203,77.51199341,76.97855377,76.44629669,75.91470337,75.38324738,74.85145569,74.31887817,73.78510284,73.24980164,72.71270752,72.17365265,71.63261414,71.08971405,70.54530334,70
-999.9899902,-999.9899902,-999.9899902,-999.9899902,-999.9899902,-999.9899902,-999.9899902,-999.9899902,92.15385437,91.83821869,91.48681641,91.08534241,90.63286591,90.13071442,89.58018494,88.98223114,88.38259888,87.78257751,87.18321991,86.58546448,85.97926331,85.37928009,84.78527832,84.19709015,83.61459351,83.03766632,82.46617126,81.89992523,81.3387146,80.78226471,80.23025513,79.68231201,79.13802338,78.59693909,78.05857849,77.52243805,76.98799896,76.45475769,75.92218781,75.38980103,74.8571167,74.32369232,73.78913879,73.25311279,72.71535492,72.17570496,71.63410187,71.09068298,70.545784,70
-999.9899902,-999.9899902,-999.9899902,-999.9899902,-999.9899902,-999.9899902,-999.9899902,-999.9899902,-999.9899902,91.7829895,91.46299744,91.07383728,90.62731934,90.12863922,89.58044434,88.98425293,88.38601685,87.78714752,87.18877411,86.59183502,85.98626709,85.38678741,84.79317474,84.20526123,83.62293243,83.04606628,82.47454071,81.90817261,81.34676361,80.79004669,80.23770905,79.68939209,79.14467621,78.60314178,78.06430054,77.52766418,76.99273682,76.45899963,75.9259491,75.39308929,74.85996246,74.32611847,73.79117584,73.25479126,72.71670532,72.17674255,71.63485718,71.09117889,70.54602051,70
-999.9899902,-999.9899902,-999.9899902,-999.9899902,-999.9899902,-999.9899902,-999.9899902,-999.9899902,-999.9899902,-999.9899902,-999.9899902,-999.9899902,-999.9899902,-999.9899902,-999.9899902,-999.9899902,-999.9899902,-999.9899902,-999.9899902,-999.9899902,-999.9899902,-999.9899902,-999.9899902,-999.9899902,-999.9899902,-999.9899902,-999.9899902,-999.9899902,-999.9899902,-999.9899902,-999.9899902,-999.9899902,-999.9899902,-999.9899902,-999.9899902,-999.9899902,-999.9899902,-999.9899902,-999.9899902,-999.9899902,-999.9899902,-999.9899902,-999.9899902,-999.9899902,-999.9899902,-999.9899902,-999.9899902,-999.9899902,-999.9899902,70