-9.999899902343750000e+02,-9.999899902343750000e+02,-9.999899902343750000e+02,-9.999899902343750000e+02,-9.999899902343750000e+02,-9.999899902343750000e+02,-9.999899902343750000e+02,-9.999899902343750000e+02,-9.999899902343750000e+02,-9.999899902343750000e+02,-9.999899902343750000e+02,-9.999899902343750000e+02,-9.999899902343750000e+02,-9.999899902343750000e+02,-9.999899902343750000e+02,-9.999899902343750000e+02,-9.999899902343750000e+02,-9.999899902343750000e+02,-9.999899902343750000e+02,-9.999899902343750000e+02,-9.999899902343750000e+02,-9.999899902343750000e+02,-9.999899902343750000e+02,-9.999899902343750000e+02,-9.999899902343750000e+02,-9.999899902343750000e+02,-9.999899902343750000e+02,-9.999899902343750000e+02,-9.999899902343750000e+02,-9.999899902343750000e+02,-9.999899902343750000e+02,-9.999899902343750000e+02,-9.999899902343750000e+02,-9.999899902343750000e+02,-9.999899902343750000e+02,-9.999899902343750000e+02,-9.999899902343750000e+02,-9.999899902343750000e+02,-9.999899902343750000e+02,-9.999899902343750000e+02,-9.999899902343750000e+02,-9.999899902343750000e+02,-9.999899902343750000e+02,-9.999899902343750000e+02,-9.999899902343750000e+02,-9.999899902343750000e+02,-9.999899902343750000e+02,-9.999899902343750000e+02,-9.999899902343750000e+02,7.000000000000000000e+01
-9.999899902343750000e+02,-9.999899902343750000e+02,-9.999899902343750000e+02,-9.999899902343750000e+02,-9.999899902343750000e+02,-9.999899902343750000e+02,-9.999899902343750000e+02,-9.999899902343750000e+02,-9.999899902343750000e+02,9.200177001953125000e+01,9.167081451416015625e+01,9.126895904541015625e+01,9.080869293212890625e+01,9.029565429687500000e+01,8.973276519775390625e+01,8.912178039550781250e+01,8.850881195068359375e+01,8.789540100097656250e+01,8.728283691406250000e+01,8.667221069335937500e+01,8.605261230468750000e+01,8.543991088867187500e+01,8.483392333984375000e+01,8.423451995849609375e+01,8.364160156250000000e+01,8.305506896972656250e+01,8.247481536865234375e+01,8.190067291259765625e+01,8.133245086669921875e+01,8.076988220214843750e+01,8.021265411376953125e+01,7.966036987304687500e+01,7.911261749267578125e+01,7.856890869140625000e+01,7.802873229980468750e+01,7.749153137207031250e+01,7.695674896240234375e+01,7.642378997802734375e+01,7.589208984375000000e+01,7.536108398437500000e+01,7.483021545410156250e+01,7.429899597167968750e+01,7.376694488525390625e+01,7.323368072509765625e+01,7.269889068603515625e+01,7.216235351562500000e+01,7.162399291992187500e+01,7.108390045166015625e+01,7.054237365722656250e+01,7.000000000000000000e+01
-9.999899902343750000e+02,-9.999899902343750000e+02,-9.999899902343750000e+02,-9.999899902343750000e+02,-9.999899902343750000e+02,-9.999899902343750000e+02,-9.999899902343750000e+02,-9.999899902343750000e+02,9.238755035400390625e+01,9.206023406982421875e+01,9.169640350341796875e+01,9.128150939941406250e+01,9.081485748291015625e+01,9.029800415039062500e+01,8.973250579833984375e+01,8.911955261230468750e+01,8.850499725341796875e+01,8.789028167724609375e+01,8.727663421630859375e+01,8.666508483886718750e+01,8.604471588134765625e+01,8.543140411376953125e+01,8.482494354248046875e+01,8.422519683837890625e+01,8.363206481933593750e+01,8.304543304443359375e+01,8.246517944335937500e+01,8.189115142822265625e+01,8.132312774658203125e+01,8.076084899902343750e+01,8.020397186279296875e+01,7.965211486816406250e+01,7.910483551025390625e+01,7.856163787841796875e+01,7.802201080322265625e+01,7.748538208007812500e+01,7.695117950439453125e+01,7.641880798339843750e+01,7.588768005371093750e+01,7.535723114013671875e+01,7.482689666748046875e+01,7.429617309570312500e+01,7.376459503173828125e+01,7.323175811767578125e+01,7.269735717773437500e+01,7.216117858886718750e+01,7.162314605712890625e+01,7.108334350585937500e+01,7.054209899902343750e+01,7.000000000000000000e+01
-9.999899902343750000e+02,-9.999899902343750000e+02,-9.999899902343750000e+02,-9.999899902343750000e+02,-9.999899902343750000e+02,-9.999899902343750000e+02,-9.999899902343750000e+02,9.275500488281250000e+01,9.245185089111328125e+01,9.211001586914062500e+01,9.172779083251953125e+01,9.129991912841796875e+01,9.082450103759765625e+01,9.030146789550781250e+01,8.973132324218750000e+01,8.911467742919921875e+01,8.849707031250000000e+01,8.787982177734375000e+01,8.726402282714843750e+01,8.665065002441406250e+01,8.602877044677734375e+01,8.541424560546875000e+01,8.480685424804687500e+01,8.420643615722656250e+01,8.361287689208984375e+01,8.302605438232421875e+01,8.244582366943359375e+01,8.187202453613281250e+01,8.130441284179687500e+01,8.074270629882812500e+01,8.018655395507812500e+01,7.963554382324218750e+01,7.908922576904296875e+01,7.854708099365234375e+01,7.800856018066406250e+01,7.747308349609375000e+01,7.694004821777343750e+01,7.640885162353515625e+01,7.587887573242187500e+01,7.534954833984375000e+01,7.482028198242187500e+01,7.429056549072265625e+01,7.375992584228515625e+01,7.322795104980468750e+01,7.269432830810546875e+01,7.215885925292968750e+01,7.162146759033203125e+01,7.108226013183593750e+01,7.054156494140625000e+01,7.000000000000000000e+01
-9.999899902343750000e+02,-9.999899902343750000e+02,-9.999899902343750000e+02,-9.999899902343750000e+02,-9.999899902343750000e+02,-9.999899902343750000e+02,9.310302734375000000e+01,9.282540130615234375e+01,9.251003265380859375e+01,9.215534973144531250e+01,9.175946807861328125e+01,9.131983947753906250e+01,9.083500671386718750e+01,9.030445861816406250e+01,8.972819519042968750e+01,8.910644531250000000e+01,8.848451995849609375e+01,8.786357879638671875e+01,8.724463653564453125e+01,8.662859344482421875e+01,8.600447082519531250e+01,8.538816070556640625e+01,8.477939605712890625e+01,8.417799377441406250e+01,8.358381652832031250e+01,8.299672698974609375e+01,8.241655731201171875e+01,8.184311676025390625e+01,8.127614593505859375e+01,8.071533203125000000e+01,8.016029357910156250e+01,7.961058807373046875e+01,7.906573486328125000e+01,7.852518463134765625e+01,7.798834991455078125e+01,7.745462036132812500e+01,7.692337036132812500e+01,7.639395141601562500e+01,7.586573791503906250e+01,7.533809661865234375e+01,7.481045532226562500e+01,7.428225708007812500e+01,7.375302124023437500e+01,7.322233581542968750e+01,7.268988037109375000e+01,7.215546417236328125e+01,7.161901855468750000e+01,7.108067321777343750e+01,7.054079437255859375e+01,7.000000000000000000e+01
-9.999899902343750000e+02,-9.999899902343750000e+02,-9.999899902343750000e+02,-9.999899902343750000e+02,-9.999899902343750000e+02,9.342752075195312500e+01,9.317666625976562500e+01,9.288912963867187500e+01,9.256307983398437500e+01,9.219698333740234375e+01,9.178938293457031250e+01,9.133885192871093750e+01,9.084439086914062500e+01,9.030549621582031250e+01,8.972201538085937500e+01,8.909401702880859375e+01,8.846665191650390625e+01,8.784097290039062500e+01,8.721794891357421875e+01,8.659841156005859375e+01,8.597137451171875000e+01,8.535272979736328125e+01,8.474217224121093750e+01,8.413951110839843750e+01,8.354455566406250000e+01,8.295715332031250000e+01,8.237710571289062500e+01,8.180419158935546875e+01,8.123812103271484375e+01,8.067853546142578125e+01,8.012503051757812500e+01,7.957711791992187500e+01,7.903427124023437500e+01,7.849588775634765625e+01,7.796134948730468750e+01,7.743000030517578125e+01,7.690116882324218750e+01,7.637416839599609375e+01,7.584832000732421875e+01,7.532297515869140625e+01,7.479751586914062500e+01,7.427136230468750000e+01,7.374401092529296875e+01,7.321504211425781250e+01,7.268413543701171875e+01,7.215110015869140625e+01,7.161589050292968750e+01,7.107865905761718750e+01,7.053980255126953125e+01,7.000000000000000000e+01
-9.999899902343750000e+02,-9.999899902343750000e+02,-9.999899902343750000e+02,-9.999899902343750000e+02,9.371924591064453125e+01,9.349986267089843750e+01,9.324296569824218750e+01,9.294730377197265625e+01,9.261168670654296875e+01,9.223510742187500000e+01,9.181667327880859375e+01,9.135559082031250000e+01,9.085124969482421875e+01,9.030334472656250000e+01,8.971174621582031250e+01,8.907647705078125000e+01,8.844264984130859375e+01,8.781128692626953125e+01,8.718328094482421875e+01,8.655950164794921875e+01,8.592890167236328125e+01,8.530741119384765625e+01,8.469469451904296875e+01,8.409050750732421875e+01,8.349465179443359375e+01,8.290692138671875000e+01,8.232709503173828125e+01,8.175491333007812500e+01,8.119004058837890625e+01,8.063208007812500000e+01,8.008056640625000000e+01,7.953497314453125000e+01,7.899470520019531250e+01,7.845911407470703125e+01,7.792752838134765625e+01,7.739922332763671875e+01,7.687348175048828125e+01,7.634956359863281250e+01,7.582673645019531250e+01,7.530431365966796875e+01,7.478161621093750000e+01,7.425804901123046875e+01,7.373307037353515625e+01,7.320625305175781250e+01,7.267726135253906250e+01,7.214591217041015625e+01,7.161219024658203125e+01,7.107629394531250000e+01,7.053865051269531250e+01,7.000000000000000000e+01
-9.999899902343750000e+02,-9.999899902343750000e+02,-9.999899902343750000e+02,9.396715545654296875e+01,9.378701782226562500e+01,9.356608581542968750e+01,9.330430603027343750e+01,9.300132751464843750e+01,9.265669250488281250e+01,9.227003479003906250e+01,9.184098815917968750e+01,9.136924743652343750e+01,9.085461425781250000e+01,9.029700469970703125e+01,8.969641113281250000e+01,8.905290222167968750e+01,8.841166687011718750e+01,8.777368164062500000e+01,8.713986206054687500e+01,8.651108551025390625e+01,8.587633514404296875e+01,8.525153350830078125e+01,8.463632202148437500e+01,8.403041839599609375e+01,8.343357086181640625e+01,8.284555053710937500e+01,8.226609802246093750e+01,8.169489288330078125e+01,8.113156890869140625e+01,8.057566070556640625e+01,8.002665710449218750e+01,7.948395538330078125e+01,7.894689941406250000e+01,7.841477203369140625e+01,7.788682556152343750e+01,7.736228942871093750e+01,7.684035491943359375e+01,7.632022857666015625e+01,7.580112457275390625e+01,7.528227233886718750e+01,7.476296234130859375e+01,7.424253845214843750e+01,7.372043609619140625e+01,7.319618988037109375e+01,7.266946411132812500e+01,7.214009857177734375e+01,7.160809326171875000e+01,7.107368469238281250e+01,7.053739166259765625e+01,7.000000000000000000e+01
-9.999899902343750000e+02,-9.999899902343750000e+02,9.416200256347656250e+01,9.403008270263671875e+01,9.385230255126953125e+01,9.362976837158203125e+01,9.336315155029296875e+01,9.305284881591796875e+01,9.269913482666015625e+01,9.230221557617187500e+01,9.186224365234375000e+01,9.137937927246093750e+01,9.085379028320312500e+01,9.028564453125000000e+01,8.967512512207031250e+01,8.902241516113281250e+01,8.837277221679687500e+01,8.772724151611328125e+01,8.708679962158203125e+01,8.645228576660156250e+01,8.581282806396484375e+01,8.518430328369140625e+01,8.456632232666015625e+01,8.395854187011718750e+01,8.336067962646484375e+01,8.277246093750000000e+01,8.219358062744140625e+01,8.162367248535156250e+01,8.106230163574218750e+01,8.050894927978515625e+01,7.996302795410156250e+01,7.942385864257812500e+01,7.889069366455078125e+01,7.836276245117187500e+01,7.783922576904296875e+01,7.731921386718750000e+01,7.680186462402343750e+01,7.628630065917968750e+01,7.577164459228515625e+01,7.525707244873046875e+01,7.474180603027343750e+01,7.422511291503906250e+01,7.370639801025390625e+01,7.318515777587890625e+01,7.266104888916015625e+01,7.213391113281250000e+01,7.160379791259765625e+01,7.107099914550781250e+01,7.053609466552734375e+01,7.000000000000000000e+01
-9.999899902343750000e+02,9.429707336425781250e+01,9.422248077392578125e+01,9.409594726562500000e+01,9.391929626464843750e+01,9.369417572021484375e+01,9.342192840576171875e+01,9.310362243652343750e+01,9.274012756347656250e+01,9.233222198486328125e+01,9.188054656982421875e+01,9.138569641113281250e+01,9.084820556640625000e+01,9.026850891113281250e+01,8.964701080322265625e+01,8.898404693603515625e+01,8.832498168945312500e+01,8.767098236083984375e+01,8.702305603027343750e+01,8.638208007812500000e+01,8.573741912841796875e+01,8.510481262207031250e+01,8.448383331298828125e+01,8.387409973144531250e+01,8.327526855468750000e+01,8.268701171875000000e+01,8.210897827148437500e+01,8.154074096679687500e+01,8.098181152343750000e+01,8.043158721923828125e+01,7.988938903808593750e+01,7.935444641113281250e+01,7.882595062255859375e+01,7.830300140380859375e+01,7.778468322753906250e+01,7.727004241943359375e+01,7.675811004638671875e+01,7.624792480468750000e+01,7.573851776123046875e+01,7.522898101806640625e+01,7.471844482421875000e+01,7.420611572265625000e+01,7.369132232666015625e+01,7.317352294921875000e+01,7.265236663818359375e+01,7.212768554687500000e+01,7.159957122802734375e+01,7.106840515136718750e+01,7.053487396240234375e+01,7.000000000000000000e+01
-9.999899902343750000e+02,9.435752105712890625e+01,9.429231262207031250e+01,9.416917419433593750e+01,9.399172210693359375e+01,9.376235198974609375e+01,9.348301696777343750e+01,9.315536499023437500e+01,9.278082275390625000e+01,9.236067962646484375e+01,9.189607238769531250e+01,9.138800048828125000e+01,9.083734893798828125e+01,9.024487304687500000e+01,8.961118316650390625e+01,8.893679046630859375e+01,8.826723480224609375e+01,8.760375213623046875e+01,8.694747161865234375e+01,8.629932403564453125e+01,8.564900207519531250e+01,8.501202392578125000e+01,8.438790893554687500e+01,8.377621459960937500e+01,8.317654418945312500e+01,8.258850860595703125e+01,8.201167297363281250e+01,8.144557952880859375e+01,8.088964843750000000e+01,8.034320068359375000e+01,7.980544281005859375e+01,7.927552032470703125e+01,7.875250244140625000e+01,7.823540496826171875e+01,7.772319030761718750e+01,7.721482086181640625e+01,7.670920562744140625e+01,7.620528411865234375e+01,7.570199584960937500e+01,7.519831085205078125e+01,7.469326019287109375e+01,7.418596649169921875e+01,7.367565917968750000e+01,7.316175842285156250e+01,7.264385223388671875e+01,7.212180328369140625e+01,7.159574890136718750e+01,7.106615447998046875e+01,7.053383636474609375e+01,7.000000000000000000e+01
-9.999899902343750000e+02,9.444076538085937500e+01,9.437751770019531250e+01,9.425399017333984375e+01,9.407300567626953125e+01,9.383711242675781250e+01,9.354865264892578125e+01,9.320972442626953125e+01,9.282230377197265625e+01,9.238818359375000000e+01,9.190895843505859375e+01,9.138604736328125000e+01,9.082070159912109375e+01,9.021395874023437500e+01,8.956666564941406250e+01,8.887954711914062500e+01,8.819828796386718750e+01,8.752428436279296875e+01,8.685874176025390625e+01,8.620267486572265625e+01,8.554631805419921875e+01,8.490477752685546875e+01,8.427749633789062500e+01,8.366394805908203125e+01,8.306368255615234375e+01,8.247621917724609375e+01,8.190106201171875000e+01,8.133767700195312500e+01,8.078540039062500000e+01,8.024345397949218750e+01,7.971094512939453125e+01,7.918688964843750000e+01,7.867025756835937500e+01,7.815992736816406250e+01,7.765477752685546875e+01,7.715363311767578125e+01,7.665531158447265625e+01,7.615862274169921875e+01,7.566237640380859375e+01,7.516543579101562500e+01,7.466668701171875000e+01,7.416515350341796875e+01,7.365995025634765625e+01,7.315039825439453125e+01,7.263606262207031250e+01,7.211678314208984375e+01,7.159275054931640625e+01,7.106454467773437500e+01,7.053315734863281250e+01,7.000000000000000000e+01
-9.999899902343750000e+02,9.454482269287109375e+01,9.448049926757812500e+01,9.435348510742187500e+01,9.416614532470703125e+01,9.392107391357421875e+01,9.362090301513671875e+01,9.326824951171875000e+01,9.286560058593750000e+01,9.241524505615234375e+01,9.191927337646484375e+01,9.137953948974609375e+01,9.079762268066406250e+01,9.017487335205078125e+01,8.951239776611328125e+01,8.881105804443359375e+01,8.811679077148437500e+01,8.743112182617187500e+01,8.675536346435546875e+01,8.609061431884765625e+01,8.542797088623046875e+01,8.478179931640625000e+01,8.415145111083984375e+01,8.353631591796875000e+01,8.293582916259765625e+01,8.234942626953125000e+01,8.177654266357421875e+01,8.121655273437500000e+01,8.066869354248046875e+01,8.013208007812500000e+01,7.960569763183593750e+01,7.908843994140625000e+01,7.857913970947265625e+01,7.807658386230468750e+01,7.757950592041015625e+01,7.708662414550781250e+01,7.659661865234375000e+01,7.610818481445312500e+01,7.561999511718750000e+01,7.513076019287109375e+01,7.463922119140625000e+01,7.414424133300781250e+01,7.364480590820312500e+01,7.314011383056640625e+01,7.262964630126953125e+01,7.211322784423828125e+01,7.159109497070312500e+01,7.106395721435546875e+01,7.053302764892578125e+01,7.000000000000000000e+01
-9.999899902343750000e+02,9.467077636718750000e+01,9.460359191894531250e+01,9.447057342529296875e+01,9.427398681640625000e+01,9.401667022705078125e+01,9.370172882080078125e+01,9.333233642578125000e+01,9.291154479980468750e+01,9.244222259521484375e+01,9.192695617675781250e+01,9.136799621582031250e+01,9.076731109619140625e+01,9.012656402587890625e+01,8.944706726074218750e+01,8.872989654541015625e+01,8.802118682861328125e+01,8.732263183593750000e+01,8.663564300537109375e+01,8.596139526367187500e+01,8.529238128662109375e+01,8.464171600341796875e+01,8.400859832763671875e+01,8.339230346679687500e+01,8.279214477539062500e+01,8.220747375488281250e+01,8.163760375976562500e+01,8.108182525634765625e+01,8.053926849365234375e+01,8.000891113281250000e+01,7.948961639404296875e+01,7.898014068603515625e+01,7.847920227050781250e+01,7.798544311523437500e+01,7.749748992919921875e+01,7.701393127441406250e+01,7.653334045410156250e+01,7.605425262451171875e+01,7.557521057128906250e+01,7.509473419189453125e+01,7.461140441894531250e+01,7.412387847900390625e+01,7.363095092773437500e+01,7.313167572021484375e+01,7.262538909912109375e+01,7.211187744140625000e+01,7.159140777587890625e+01,7.106484985351562500e+01,7.053369140625000000e+01,7.000000000000000000e+01
-9.999899902343750000e+02,9.482146453857421875e+01,9.474997711181640625e+01,9.460843658447265625e+01,9.439944458007812500e+01,9.412637329101562500e+01,9.379301452636718750e+01,9.340324401855468750e+01,9.296083068847656250e+01,9.246926116943359375e+01,9.193164825439453125e+01,9.135070800781250000e+01,9.072877502441406250e+01,9.006774139404296875e+01,8.936919403076171875e+01,8.863439941406250000e+01,8.790968322753906250e+01,8.719689178466796875e+01,8.649759674072265625e+01,8.581304931640625000e+01,8.513784027099609375e+01,8.448306274414062500e+01,8.384774017333984375e+01,8.323096466064453125e+01,8.263191986083984375e+01,8.204981231689453125e+01,8.148386383056640625e+01,8.093325805664062500e+01,8.039700317382812500e+01,7.987393188476562500e+01,7.936276245117187500e+01,7.886212158203125000e+01,7.837058258056640625e+01,7.788667297363281250e+01,7.740890502929687500e+01,7.693576812744140625e+01,7.646569824218750000e+01,7.599710845947265625e+01,7.552836608886718750e+01,7.505780029296875000e+01,7.458378601074218750e+01,7.410471343994140625e+01,7.361916351318359375e+01,7.312593841552734375e+01,7.262419128417968750e+01,7.211360168457031250e+01,7.159445953369140625e+01,7.106781005859375000e+01,7.053546142578125000e+01,7.000000000000000000e+01
-9.999899902343750000e+02,9.500115203857421875e+01,9.492381286621093750e+01,9.477091979980468750e+01,9.454580688476562500e+01,9.425276947021484375e+01,9.389656829833984375e+01,9.348206329345703125e+01,9.301388549804687500e+01,9.249620819091796875e+01,9.193274688720703125e+01,9.132667541503906250e+01,9.068064117431640625e+01,8.999682617187500000e+01,8.927700042724609375e+01,8.852261352539062500e+01,8.778018951416015625e+01,8.705173492431640625e+01,8.633896636962890625e+01,8.564324951171875000e+01,8.496245574951171875e+01,8.430439758300781250e+01,8.366780090332031250e+01,8.305153656005859375e+01,8.245462036132812500e+01,8.187614440917968750e+01,8.131521606445312500e+01,8.077088928222656250e+01,8.024205017089843750e+01,7.972737121582031250e+01,7.922541809082031250e+01,7.873466491699218750e+01,7.825357055664062500e+01,7.778054046630859375e+01,7.731401062011718750e+01,7.685234832763671875e+01,7.639392089843750000e+01,7.593698883056640625e+01,7.547975921630859375e+01,7.502035522460937500e+01,7.455687713623046875e+01,7.408742523193359375e+01,7.361025238037109375e+01,7.312384033203125000e+01,7.262706756591796875e+01,7.211943054199218750e+01,7.160118103027343750e+01,7.107353210449218750e+01,7.053872680664062500e+01,7.000000000000000000e+01
-9.999899902343750000e+02,9.521567535400390625e+01,9.513052368164062500e+01,9.496273040771484375e+01,9.471682739257812500e+01,9.439855194091796875e+01,9.401411437988281250e+01,9.356963348388671875e+01,9.307076263427734375e+01,9.252251434326171875e+01,9.192922210693359375e+01,9.129447174072265625e+01,9.062123870849609375e+01,8.991191101074218750e+01,8.916841125488281250e+01,8.839229583740234375e+01,8.763030242919921875e+01,8.688462829589843750e+01,8.615715789794921875e+01,8.544939422607421875e+01,8.476428222656250000e+01,8.410437011718750000e+01,8.346794891357421875e+01,8.285359191894531250e+01,8.226015472412109375e+01,8.168660736083984375e+01,8.113196563720703125e+01,8.059516906738281250e+01,8.007495117187500000e+01,7.956981658935546875e+01,7.907817077636718750e+01,7.859833526611328125e+01,7.812864685058593750e+01,7.766743469238281250e+01,7.721306610107421875e+01,7.676387023925781250e+01,7.631812286376953125e+01,7.587400054931640625e+01,7.542953491210937500e+01,7.498262786865234375e+01,7.453105163574218750e+01,7.407255554199218750e+01,7.360495758056640625e+01,7.312631225585937500e+01,7.263510131835937500e+01,7.213050079345703125e+01,7.161264038085937500e+01,7.108287811279296875e+01,7.054396057128906250e+01,7.000000000000000000e+01
-9.999899902343750000e+02,9.547274780273437500e+01,9.537712860107421875e+01,9.518965148925781250e+01,9.491682434082031250e+01,9.456660461425781250e+01,9.414720916748046875e+01,9.366640472412109375e+01,9.313108825683593750e+01,9.254718017578125000e+01,9.191957092285156250e+01,9.125227355957031250e+01,9.054848480224609375e+01,8.981074523925781250e+01,8.904100036621093750e+01,8.824089813232421875e+01,8.745735168457031250e+01,8.669274139404296875e+01,8.594922637939453125e+01,8.522850036621093750e+01,8.454138183593750000e+01,8.388197326660156250e+01,8.324790191650390625e+01,8.263738250732421875e+01,8.204911041259765625e+01,8.148203277587890625e+01,8.093510437011718750e+01,8.040719604492187500e+01,7.989684295654296875e+01,7.940239715576171875e+01,7.892205810546875000e+01,7.845402526855468750e+01,7.799653625488281250e+01,7.754786682128906250e+01,7.710638427734375000e+01,7.667041778564453125e+01,7.623825073242187500e+01,7.580799865722656250e+01,7.537754821777343750e+01,7.494454193115234375e+01,7.450639343261718750e+01,7.406039428710937500e+01,7.360382843017578125e+01,7.313417053222656250e+01,7.264933776855468750e+01,7.214801788330078125e+01,7.163004302978515625e+01,7.109683227539062500e+01,7.055173492431640625e+01,7.000000000000000000e+01
-9.999899902343750000e+02,9.578285217285156250e+01,9.567285919189453125e+01,9.545887756347656250e+01,9.515076446533203125e+01,9.475984191894531250e+01,9.429709625244140625e+01,9.377235412597656250e+01,9.319390869140625000e+01,9.256857299804687500e+01,9.190177154541015625e+01,9.119779968261718750e+01,9.045996856689453125e+01,8.969078826904296875e+01,8.889218139648437500e+01,8.806571197509765625e+01,8.725843811035156250e+01,8.647300720214843750e+01,8.571192169189453125e+01,8.497721862792968750e+01,8.429206085205078125e+01,8.363692474365234375e+01,8.300841522216796875e+01,8.240428161621093750e+01,8.182323455810546875e+01,8.126435852050781250e+01,8.072669982910156250e+01,8.020903015136718750e+01,7.970974731445312500e+01,7.922698974609375000e+01,7.875876617431640625e+01,7.830314636230468750e+01,7.785829162597656250e+01,7.742250823974609375e+01,7.699421691894531250e+01,7.657189178466796875e+01,7.615389251708984375e+01,7.573835754394531250e+01,7.532308197021484375e+01,7.490543365478515625e+01,7.448239898681640625e+01,7.405069732666015625e+01,7.360693359375000000e+01,7.314784240722656250e+01,7.267057037353515625e+01,7.217305755615234375e+01,7.165460968017578125e+01,7.111651611328125000e+01,7.056271362304687500e+01,7.000000000000000000e+01
-9.999899902343750000e+02,9.616045379638671875e+01,9.602992248535156250e+01,9.577926635742187500e+01,9.542415618896484375e+01,9.498096466064453125e+01,9.446440124511718750e+01,9.388668060302734375e+01,9.325749969482421875e+01,9.258443450927734375e+01,9.187326812744140625e+01,9.112837219238281250e+01,9.035296630859375000e+01,8.954940032958984375e+01,8.871933746337890625e+01,8.786407470703125000e+01,8.703073120117187500e+01,8.622223663330078125e+01,8.544174194335937500e+01,8.469190979003906250e+01,8.401525115966796875e+01,8.337038421630859375e+01,8.275204467773437500e+01,8.215757751464843750e+01,8.158607482910156250e+01,8.103723144531250000e+01,8.051033782958984375e+01,8.000418090820312500e+01,7.951696777343750000e+01,7.904659271240234375e+01,7.859088134765625000e+01,7.814777374267578125e+01,7.771540832519531250e+01,7.729219818115234375e+01,7.687676239013671875e+01,7.646782684326171875e+01,7.606403350830078125e+01,7.566369628906250000e+01,7.526456451416015625e+01,7.486373138427734375e+01,7.445763397216796875e+01,7.404228973388671875e+01,7.361345672607421875e+01,7.316695404052734375e+01,7.269891357421875000e+01,7.220626068115234375e+01,7.168736267089843750e+01,7.114302062988281250e+01,7.057764434814453125e+01,7.000000000000000000e+01
-9.999899902343750000e+02,9.662584686279296875e+01,9.646421051025390625e+01,9.616091156005859375e+01,9.574194335937500000e+01,9.523120880126953125e+01,9.464796447753906250e+01,9.400678253173828125e+01,9.331848907470703125e+01,9.259104156494140625e+01,9.183023834228515625e+01,9.104021453857421875e+01,9.022391510009765625e+01,8.938324737548828125e+01,8.851937103271484375e+01,8.763301849365234375e+01,8.677102661132812500e+01,8.593663024902343750e+01,8.513417053222656250e+01,8.436787414550781250e+01,8.371118927001953125e+01,8.308618927001953125e+01,8.248448181152343750e+01,8.190355682373046875e+01,8.134394073486328125e+01,8.080677032470703125e+01,8.029192352294921875e+01,7.979818725585937500e+01,7.932356262207031250e+01,7.886570739746093750e+01,7.842221069335937500e+01,7.799090576171875000e+01,7.756996917724609375e+01,7.715799713134765625e+01,7.675398254394531250e+01,7.635716247558593750e+01,7.596672821044921875e+01,7.558141326904296875e+01,7.519905090332031250e+01,7.481639099121093750e+01,7.442919158935546875e+01,7.403251647949218750e+01,7.362110137939453125e+01,7.318965911865234375e+01,7.273313140869140625e+01,7.224709320068359375e+01,7.172851562500000000e+01,7.117707824707031250e+01,7.059720611572265625e+01,7.000000000000000000e+01
-9.999899902343750000e+02,9.720735168457031250e+01,9.699420166015625000e+01,9.661164855957031250e+01,9.610423278808593750e+01,9.550597381591796875e+01,9.484058380126953125e+01,9.412423706054687500e+01,9.336795806884765625e+01,9.257936096191406250e+01,9.176371002197265625e+01,9.092460632324218750e+01,9.006440734863281250e+01,8.918438720703125000e+01,8.828487396240234375e+01,8.736547088623046875e+01,8.647188568115234375e+01,8.560752105712890625e+01,8.477881622314453125e+01,8.399404907226562500e+01,8.338298034667968750e+01,8.279325866699218750e+01,8.221661376953125000e+01,8.165319824218750000e+01,8.110718536376953125e+01,8.058267974853515625e+01,8.008048248291015625e+01,7.959933471679687500e+01,7.913700103759765625e+01,7.869081115722656250e+01,7.825814056396484375e+01,7.783670043945312500e+01,7.742473602294921875e+01,7.702114105224609375e+01,7.662547302246093750e+01,7.623785400390625000e+01,7.585848236083984375e+01,7.548695373535156250e+01,7.512143707275390625e+01,7.475820922851562500e+01,7.439196777343750000e+01,7.401649475097656250e+01,7.362524414062500000e+01,7.321168518066406250e+01,7.276947021484375000e+01,7.229265594482421875e+01,7.177635192871093750e+01,7.121823120117187500e+01,7.062165069580078125e+01,7.000000000000000000e+01
-9.999899902343750000e+02,9.796652221679687500e+01,9.766079711914062500e+01,9.715610504150390625e+01,9.652732086181640625e+01,9.581851196289062500e+01,9.505527496337890625e+01,9.425295257568359375e+01,9.342114257812500000e+01,9.256604003906250000e+01,9.169174194335937500e+01,9.080091094970703125e+01,8.989513397216796875e+01,8.897495269775390625e+01,8.803968811035156250e+01,8.708703613281250000e+01,8.615940093994140625e+01,8.525949096679687500e+01,8.439648437500000000e+01,8.358733367919921875e+01,8.304557800292968750e+01,8.251023101806640625e+01,8.196746826171875000e+01,8.142425537109375000e+01,8.089205169677734375e+01,8.037957763671875000e+01,7.988917541503906250e+01,7.941937255859375000e+01,7.896756744384765625e+01,7.853069305419921875e+01,7.810584259033203125e+01,7.769057464599609375e+01,7.728316497802734375e+01,7.688284301757812500e+01,7.649000549316406250e+01,7.610611724853515625e+01,7.573320770263671875e+01,7.537262725830078125e+01,7.502330780029296875e+01,7.468073272705078125e+01,7.433775329589843750e+01,7.398619079589843750e+01,7.361785888671875000e+01,7.322496795654296875e+01,7.280001831054687500e+01,7.233568572998046875e+01,7.182505035400390625e+01,7.126295471191406250e+01,7.064985656738281250e+01,7.000000000000000000e+01
-9.999899902343750000e+02,9.899454498291015625e+01,9.849263763427734375e+01,9.779250335693359375e+01,9.699916839599609375e+01,9.615465545654296875e+01,9.527838134765625000e+01,9.438048553466796875e+01,9.346674346923828125e+01,9.254072570800781250e+01,9.160472106933593750e+01,9.066011047363281250e+01,8.970766448974609375e+01,8.874739074707031250e+01,8.777802276611328125e+01,8.679521942138671875e+01,8.583147430419921875e+01,8.488686370849609375e+01,8.397072601318359375e+01,8.310847473144531250e+01,8.272000122070312500e+01,8.226884460449218750e+01,8.176615905761718750e+01,8.124205780029296875e+01,8.072059631347656250e+01,8.021714782714843750e+01,7.973517608642578125e+01,7.927310180664062500e+01,7.882784271240234375e+01,7.839575195312500000e+01,7.797354125976562500e+01,7.755844116210937500e+01,7.714857482910156250e+01,7.674342346191406250e+01,7.634434509277343750e+01,7.595483398437500000e+01,7.558010864257812500e+01,7.522512054443359375e+01,7.489069366455078125e+01,7.457047271728515625e+01,7.425373077392578125e+01,7.392905426025390625e+01,7.358613586425781250e+01,7.321601104736328125e+01,7.281051635742187500e+01,7.236161804199218750e+01,7.186100006103515625e+01,7.130072784423828125e+01,7.067665863037109375e+01,7.000000000000000000e+01
-9.999899902343750000e+02,1.004866485595703125e+02,9.949310302734375000e+01,9.849507141113281250e+01,9.749641418457031250e+01,9.649739837646484375e+01,9.549818420410156250e+01,9.449880218505859375e+01,9.349932098388671875e+01,9.249975585937500000e+01,9.150012969970703125e+01,9.050045776367187500e+01,8.950073242187500000e+01,8.850096893310546875e+01,8.750114440917968750e+01,8.650121307373046875e+01,8.550143432617187500e+01,8.450174713134765625e+01,8.350219726562500000e+01,8.250507354736328125e+01,8.248362731933593750e+01,8.212755584716796875e+01,8.165272521972656250e+01,8.113755035400390625e+01,8.061933135986328125e+01,8.011875152587890625e+01,7.963889312744140625e+01,7.917784118652343750e+01,7.873207092285156250e+01,7.829750823974609375e+01,7.787019348144531250e+01,7.744661712646484375e+01,7.702429962158203125e+01,7.660251617431640625e+01,7.618334960937500000e+01,7.577298736572265625e+01,7.538211822509765625e+01,7.502340698242187500e+01,7.470271301269531250e+01,7.440874481201171875e+01,7.412315368652343750e+01,7.382903289794921875e+01,7.351343536376953125e+01,7.316666412353515625e+01,7.278076171875000000e+01,7.234811401367187500e+01,7.186060333251953125e+01,7.130957794189453125e+01,7.068793487548828125e+01,7.000000000000000000e+01
-9.999899902343750000e+02,9.886338806152343750e+01,9.835311126708984375e+01,9.764921569824218750e+01,9.685321807861328125e+01,9.600625610351562500e+01,9.512716674804687500e+01,9.422499847412109375e+01,9.330461883544921875e+01,9.237493896484375000e+01,9.143790435791015625e+01,9.049446868896484375e+01,8.954521942138671875e+01,8.859010314941406250e+01,8.762769317626953125e+01,8.665369415283203125e+01,8.570246887207031250e+01,8.477034759521484375e+01,8.385764312744140625e+01,8.299751281738281250e+01,8.261583709716796875e+01,8.216557312011718750e+01,8.166162872314453125e+01,8.113549041748046875e+01,8.061126708984375000e+01,8.010395812988281250e+01,7.961666870117187500e+01,7.914736175537109375e+01,7.869201660156250000e+01,7.824585723876953125e+01,7.780392456054687500e+01,7.736140441894531250e+01,7.691437530517578125e+01,7.646077728271484375e+01,7.600230407714843750e+01,7.554761505126953125e+01,7.511606597900390625e+01,7.473735046386718750e+01,7.443300628662109375e+01,7.417621612548828125e+01,7.393167114257812500e+01,7.367374420166015625e+01,7.338705444335937500e+01,7.306250000000000000e+01,7.269367980957031250e+01,7.227473449707031250e+01,7.179935455322265625e+01,7.126123046875000000e+01,7.065734863281250000e+01,7.000000000000000000e+01
-9.999899902343750000e+02,9.770880126953125000e+01,9.739955139160156250e+01,9.689127349853515625e+01,9.625885772705078125e+01,9.554633331298828125e+01,9.477906036376953125e+01,9.396965789794921875e+01,9.311967468261718750e+01,9.225800323486328125e+01,9.138270568847656250e+01,9.049497222900390625e+01,8.959627532958984375e+01,8.868722534179687500e+01,8.776651763916015625e+01,8.683103179931640625e+01,8.593293762207031250e+01,8.506897735595703125e+01,8.421157836914062500e+01,8.337682342529296875e+01,8.284440612792968750e+01,8.230796051025390625e+01,8.176165008544921875e+01,8.121430206298828125e+01,8.067692565917968750e+01,8.015731048583984375e+01,7.965703582763671875e+01,7.917369079589843750e+01,7.870283508300781250e+01,7.823891448974609375e+01,7.777577972412109375e+01,7.730673217773437500e+01,7.682527160644531250e+01,7.632593536376953125e+01,7.580673217773437500e+01,7.527537536621093750e+01,7.476148986816406250e+01,7.433156585693359375e+01,7.406408691406250000e+01,7.387542724609375000e+01,7.369364929199218750e+01,7.348282623291015625e+01,7.322875976562500000e+01,7.292641448974609375e+01,7.257341003417968750e+01,7.216743469238281250e+01,7.170573425292968750e+01,7.118640899658203125e+01,7.061240386962890625e+01,7.000000000000000000e+01
-9.999899902343750000e+02,9.682466125488281250e+01,9.660916137695312500e+01,9.622270202636718750e+01,9.571022796630859375e+01,9.510623168945312500e+01,9.443494415283203125e+01,9.371243286132812500e+01,9.294885253906250000e+01,9.215669250488281250e+01,9.134146118164062500e+01,9.050743103027343750e+01,8.965808868408203125e+01,8.879574584960937500e+01,8.791918945312500000e+01,8.701619720458984375e+01,8.617485046386718750e+01,8.540628051757812500e+01,8.458842468261718750e+01,8.372291564941406250e+01,8.309752655029296875e+01,8.249810791015625000e+01,8.191439056396484375e+01,8.134490203857421875e+01,8.079214477539062500e+01,8.025843048095703125e+01,7.974332427978515625e+01,7.924382019042968750e+01,7.875506591796875000e+01,7.827079010009765625e+01,7.778372192382812500e+01,7.728494262695312500e+01,7.676428985595703125e+01,7.620993804931640625e+01,7.560955810546875000e+01,7.495761871337890625e+01,7.428144073486328125e+01,7.371182250976562500e+01,7.356275939941406250e+01,7.351519775390625000e+01,7.343303680419921875e+01,7.328311157226562500e+01,7.306482696533203125e+01,7.278400421142578125e+01,7.244556427001953125e+01,7.205232238769531250e+01,7.160591125488281250e+01,7.110884857177734375e+01,7.056812286376953125e+01,7.000000000000000000e+01
-9.999899902343750000e+02,9.612180328369140625e+01,9.595748901367187500e+01,9.564913177490234375e+01,9.522317504882812500e+01,9.470412445068359375e+01,9.411197662353515625e+01,9.346214294433593750e+01,9.276619720458984375e+01,9.203380584716796875e+01,9.127207946777343750e+01,9.048674774169921875e+01,8.968243408203125000e+01,8.886278533935546875e+01,8.803015899658203125e+01,8.718598937988281250e+01,8.639048767089843750e+01,8.566297149658203125e+01,8.488027191162109375e+01,8.402770996093750000e+01,8.333869934082031250e+01,8.269874572753906250e+01,8.208885955810546875e+01,8.150186157226562500e+01,8.093550109863281250e+01,8.038874053955078125e+01,7.985956573486328125e+01,7.934437561035156250e+01,7.883810424804687500e+01,7.833393096923828125e+01,7.782380676269531250e+01,7.729726409912109375e+01,7.674023437500000000e+01,7.613242340087890625e+01,7.544293212890625000e+01,7.462614440917968750e+01,7.363714599609375000e+01,7.259739685058593750e+01,7.289350128173828125e+01,7.313399505615234375e+01,7.319239044189453125e+01,7.310821533203125000e+01,7.292147827148437500e+01,7.265721893310546875e+01,7.232979583740234375e+01,7.194744873046875000e+01,7.151573944091796875e+01,7.104039764404296875e+01,7.053029632568359375e+01,7.000000000000000000e+01
-9.999899902343750000e+02,9.553496551513671875e+01,9.540103912353515625e+01,9.514379119873046875e+01,9.477930450439453125e+01,9.432462310791015625e+01,9.379531860351562500e+01,9.320469665527343750e+01,9.256381225585937500e+01,9.188190460205078125e+01,9.116662597656250000e+01,9.042438507080078125e+01,8.966033935546875000e+01,8.887843322753906250e+01,8.808132171630859375e+01,8.727053070068359375e+01,8.649364471435546875e+01,8.574681091308593750e+01,8.499571990966796875e+01,8.423725891113281250e+01,8.353900909423828125e+01,8.288511657714843750e+01,8.226281738281250000e+01,8.166545867919921875e+01,8.108948516845703125e+01,8.053247833251953125e+01,7.999157714843750000e+01,7.946286010742187500e+01,7.894136047363281250e+01,7.842056274414062500e+01,7.789225769042968750e+01,7.734540557861328125e+01,7.676410675048828125e+01,7.612283325195312500e+01,7.537437438964843750e+01,7.441406250000000000e+01,7.295356750488281250e+01,7.000778198242187500e+01,7.218366241455078125e+01,7.286971282958984375e+01,7.304635620117187500e+01,7.299705505371093750e+01,7.282143402099609375e+01,7.256160736083984375e+01,7.223814392089843750e+01,7.186250305175781250e+01,7.144246673583984375e+01,7.098536682128906250e+01,7.050038146972656250e+01,7.000000000000000000e+01
-9.999899902343750000e+02,9.503753662109375000e+01,9.492319488525390625e+01,9.470071411132812500e+01,9.438036346435546875e+01,9.397406768798828125e+01,9.349378204345703125e+01,9.295061492919921875e+01,9.235457611083984375e+01,9.171463012695312500e+01,9.103874969482421875e+01,9.033386230468750000e+01,8.960559082031250000e+01,8.885786437988281250e+01,8.809264373779296875e+01,8.730995941162109375e+01,8.655375671386718750e+01,8.581925201416015625e+01,8.509554290771484375e+01,8.438124847412109375e+01,8.369905090332031250e+01,8.304828643798828125e+01,8.242449188232421875e+01,8.182360839843750000e+01,8.124252319335937500e+01,8.067870330810546875e+01,8.012915039062500000e+01,7.959024810791015625e+01,7.905744934082031250e+01,7.852490997314453125e+01,7.798516845703125000e+01,7.742837524414062500e+01,7.684089660644531250e+01,7.620269012451171875e+01,7.548314666748046875e+01,7.463697814941406250e+01,7.361964416503906250e+01,7.255294036865234375e+01,7.282379150390625000e+01,7.304109954833984375e+01,7.307883453369140625e+01,7.297717285156250000e+01,7.277698516845703125e+01,7.250454711914062500e+01,7.217584991455078125e+01,7.180118560791015625e+01,7.138828277587890625e+01,7.094447326660156250e+01,7.047824096679687500e+01,7.000000000000000000e+01
-9.999899902343750000e+02,9.461001586914062500e+01,9.450893402099609375e+01,9.431068420410156250e+01,9.402214050292968750e+01,9.365181732177734375e+01,9.320888519287109375e+01,9.270255279541015625e+01,9.214173126220703125e+01,9.153511047363281250e+01,9.089104461669921875e+01,9.021730804443359375e+01,8.952032470703125000e+01,8.880424499511718750e+01,8.807020568847656250e+01,8.731668853759765625e+01,8.658625030517578125e+01,8.587492370605468750e+01,8.517800140380859375e+01,8.449420166015625000e+01,8.382967376708984375e+01,8.318876647949218750e+01,8.256977844238281250e+01,8.197035980224609375e+01,8.138819885253906250e+01,8.082104492187500000e+01,8.026629638671875000e+01,7.972089385986328125e+01,7.918096923828125000e+01,7.864164733886718750e+01,7.809690093994140625e+01,7.753920745849609375e+01,7.695919799804687500e+01,7.634557342529296875e+01,7.568653869628906250e+01,7.497721099853515625e+01,7.424573516845703125e+01,7.362352752685546875e+01,7.342520904541015625e+01,7.333240509033203125e+01,7.320989990234375000e+01,7.302573394775390625e+01,7.278095245361328125e+01,7.248372650146484375e+01,7.214211273193359375e+01,7.176294708251953125e+01,7.135235595703125000e+01,7.091665649414062500e+01,7.046305084228515625e+01,7.000000000000000000e+01
-9.999899902343750000e+02,9.423886871337890625e+01,9.414698028564453125e+01,9.396580505371093750e+01,9.370009613037109375e+01,9.335604095458984375e+01,9.294067382812500000e+01,9.246152496337890625e+01,9.192655181884765625e+01,9.134420013427734375e+01,9.072351074218750000e+01,9.007379913330078125e+01,8.940339660644531250e+01,8.871726989746093750e+01,8.801535034179687500e+01,8.729391479492187500e+01,8.659378814697265625e+01,8.591074371337890625e+01,8.524147033691406250e+01,8.458451080322265625e+01,8.393750762939453125e+01,8.330922698974609375e+01,8.269852447509765625e+01,8.210391998291015625e+01,8.152378082275390625e+01,8.095633697509765625e+01,8.039952850341796875e+01,7.985095214843750000e+01,7.930754852294921875e+01,7.876558685302734375e+01,7.822064208984375000e+01,7.766768646240234375e+01,7.710140228271484375e+01,7.651718902587890625e+01,7.591387939453125000e+01,7.530014801025390625e+01,7.470694732666015625e+01,7.420163726806640625e+01,7.386355590820312500e+01,7.361003875732421875e+01,7.337037658691406250e+01,7.311028289794921875e+01,7.281781768798828125e+01,7.249114990234375000e+01,7.213227844238281250e+01,7.174459838867187500e+01,7.133222961425781250e+01,7.090001678466796875e+01,7.045371246337890625e+01,7.000000000000000000e+01
-9.999899902343750000e+02,9.391484069824218750e+01,9.382936096191406250e+01,9.366020202636718750e+01,9.341068267822265625e+01,9.308527374267578125e+01,9.268927764892578125e+01,9.222866821289062500e+01,9.171030426025390625e+01,9.114239501953125000e+01,9.053505706787109375e+01,8.990045166015625000e+01,8.925100708007812500e+01,8.859442138671875000e+01,8.792779541015625000e+01,8.724304962158203125e+01,8.657790374755859375e+01,8.592683410644531250e+01,8.528653717041015625e+01,8.465556335449218750e+01,8.402672576904296875e+01,8.341250610351562500e+01,8.281204223632812500e+01,8.222440338134765625e+01,8.164851379394531250e+01,8.108312225341796875e+01,8.052675628662109375e+01,7.997766113281250000e+01,7.943360900878906250e+01,7.889194488525390625e+01,7.834972381591796875e+01,7.780396270751953125e+01,7.725220489501953125e+01,7.669360351562500000e+01,7.613101959228515625e+01,7.557437896728515625e+01,7.504449462890625000e+01,7.457224273681640625e+01,7.418029022216796875e+01,7.384305572509765625e+01,7.352671813964843750e+01,7.320761108398437500e+01,7.287306213378906250e+01,7.251770782470703125e+01,7.214030456542968750e+01,7.174185180664062500e+01,7.132472229003906250e+01,7.089233398437500000e+01,7.044903564453125000e+01,7.000000000000000000e+01
-9.999899902343750000e+02,9.363148498535156250e+01,9.355046081542968750e+01,9.338968658447265625e+01,9.315144348144531250e+01,9.283881378173828125e+01,9.245549774169921875e+01,9.200577545166015625e+01,9.149501037597656250e+01,9.093058776855468750e+01,9.032369995117187500e+01,8.969114685058593750e+01,8.905453491210937500e+01,8.842991638183593750e+01,8.780625152587890625e+01,8.716595458984375000e+01,8.654160308837890625e+01,8.592607116699218750e+01,8.531615447998046875e+01,8.471096801757812500e+01,8.410091400146484375e+01,8.350146484375000000e+01,8.291223144531250000e+01,8.233278656005859375e+01,8.176258087158203125e+01,8.120088195800781250e+01,8.064675903320312500e+01,8.009906005859375000e+01,7.955630493164062500e+01,7.901676177978515625e+01,7.847863769531250000e+01,7.794039916992187500e+01,7.740124511718750000e+01,7.686199188232421875e+01,7.632619476318359375e+01,7.580152130126953125e+01,7.530023193359375000e+01,7.483640289306640625e+01,7.441729736328125000e+01,7.403311920166015625e+01,7.366723632812500000e+01,7.330494689941406250e+01,7.293627166748046875e+01,7.255558013916015625e+01,7.216039276123046875e+01,7.175036621093750000e+01,7.132662200927734375e+01,7.089141082763671875e+01,7.044789886474609375e+01,7.000000000000000000e+01
-9.999899902343750000e+02,9.338432312011718750e+01,9.330637359619140625e+01,9.315135955810546875e+01,9.292084503173828125e+01,9.261672973632812500e+01,9.224106597900390625e+01,9.179607391357421875e+01,9.128460693359375000e+01,9.071158599853515625e+01,9.008749389648437500e+01,8.943476104736328125e+01,8.879462432861328125e+01,8.821292877197265625e+01,8.764951324462890625e+01,8.706668090820312500e+01,8.649051666259765625e+01,8.591380310058593750e+01,8.533507537841796875e+01,8.475514221191406250e+01,8.416378021240234375e+01,8.357903289794921875e+01,8.300119018554687500e+01,8.243041229248046875e+01,8.186663055419921875e+01,8.130960083007812500e+01,8.075886535644531250e+01,8.021379089355468750e+01,7.967350769042968750e+01,7.913701629638671875e+01,7.860333251953125000e+01,7.807183074951171875e+01,7.754255676269531250e+01,7.701679229736328125e+01,7.649758148193359375e+01,7.599011993408203125e+01,7.550127410888671875e+01,7.503763580322265625e+01,7.460163116455078125e+01,7.418862915039062500e+01,7.378987121582031250e+01,7.339637756347656250e+01,7.300102233886718750e+01,7.259904479980468750e+01,7.218780517578125000e+01,7.176635742187500000e+01,7.133506011962890625e+01,7.089530181884765625e+01,7.044931793212890625e+01,7.000000000000000000e+01
-9.999899902343750000e+02,9.317028808593750000e+01,9.309433746337890625e+01,9.294324493408203125e+01,9.271809387207031250e+01,9.241982269287109375e+01,9.204885864257812500e+01,9.160486602783203125e+01,9.108673858642578125e+01,9.049357604980468750e+01,8.982876586914062500e+01,8.911387634277343750e+01,8.842426300048828125e+01,8.792626953125000000e+01,8.746090698242187500e+01,8.695504760742187500e+01,8.643445587158203125e+01,8.589804077148437500e+01,8.534949493408203125e+01,8.479301452636718750e+01,8.421909332275390625e+01,8.364807891845703125e+01,8.308105468750000000e+01,8.251873779296875000e+01,8.196151733398437500e+01,8.140954589843750000e+01,8.086277008056640625e+01,8.032096862792968750e+01,7.978374481201171875e+01,7.925060272216796875e+01,7.872111511230468750e+01,7.819516754150390625e+01,7.767315673828125000e+01,7.715631866455078125e+01,7.664692687988281250e+01,7.614826965332031250e+01,7.566417694091796875e+01,7.519774627685546875e+01,7.474971771240234375e+01,7.431745147705078125e+01,7.389598083496093750e+01,7.347969818115234375e+01,7.306367492675781250e+01,7.264421844482421875e+01,7.221897125244140625e+01,7.178681945800781250e+01,7.134769439697265625e+01,7.090238952636718750e+01,7.045245361328125000e+01,7.000000000000000000e+01
-9.999899902343750000e+02,9.298730468750000000e+01,9.291240692138671875e+01,9.276381683349609375e+01,9.254264831542968750e+01,9.224919128417968750e+01,9.188250732421875000e+01,9.143966674804687500e+01,9.091465759277343750e+01,9.029650878906250000e+01,8.956790161132812500e+01,8.871414184570312500e+01,8.780834197998046875e+01,8.755587005615234375e+01,8.726225280761718750e+01,8.685317993164062500e+01,8.638918304443359375e+01,8.588918304443359375e+01,8.536642456054687500e+01,8.482955932617187500e+01,8.427043151855468750e+01,8.371124267578125000e+01,8.315375518798828125e+01,8.259912872314453125e+01,8.204810333251953125e+01,8.150112152099609375e+01,8.095842742919921875e+01,8.042009735107421875e+01,7.988606262207031250e+01,7.935617065429687500e+01,7.883036041259765625e+01,7.830874633789062500e+01,7.779184722900390625e+01,7.728067016601562500e+01,7.677678680419921875e+01,7.628224945068359375e+01,7.579912567138671875e+01,7.532888793945312500e+01,7.487161254882812500e+01,7.442557525634765625e+01,7.398773193359375000e+01,7.355446624755859375e+01,7.312236022949218750e+01,7.268864440917968750e+01,7.225138092041015625e+01,7.180948638916015625e+01,7.136268615722656250e+01,7.091139221191406250e+01,7.045664978027343750e+01,7.000000000000000000e+01
-9.999899902343750000e+02,9.283425903320312500e+01,9.275906372070312500e+01,9.261158752441406250e+01,9.239361572265625000e+01,9.210532379150390625e+01,9.174504852294921875e+01,9.130839538574218750e+01,9.078613281250000000e+01,9.015850830078125000e+01,8.937812805175781250e+01,8.830901336669921875e+01,8.647937774658203125e+01,8.717661285400390625e+01,8.712961578369140625e+01,8.680207824707031250e+01,8.637534332275390625e+01,8.589816284179687500e+01,8.539221954345703125e+01,8.486894226074218750e+01,8.432066345214843750e+01,8.377061462402343750e+01,8.322084808349609375e+01,8.267272186279296875e+01,8.212714385986328125e+01,8.158473205566406250e+01,8.104589080810546875e+01,8.051090240478515625e+01,7.997990417480468750e+01,7.945296478271484375e+01,7.893019866943359375e+01,7.841185760498046875e+01,7.789842224121093750e+01,7.739066314697265625e+01,7.688964080810546875e+01,7.639659118652343750e+01,7.591262054443359375e+01,7.543837738037109375e+01,7.497365570068359375e+01,7.451725769042968750e+01,7.406716156005859375e+01,7.362093353271484375e+01,7.317617797851562500e+01,7.273082733154296875e+01,7.228333282470703125e+01,7.183274078369140625e+01,7.137867736816406250e+01,7.092133331298828125e+01,7.046139526367187500e+01,7.000000000000000000e+01
-9.999899902343750000e+02,9.271141052246093750e+01,9.263280487060546875e+01,9.248438262939453125e+01,9.226898956298828125e+01,9.198694610595703125e+01,9.163670349121093750e+01,9.121448516845703125e+01,9.071332550048828125e+01,9.012136840820312500e+01,8.942041778564453125e+01,8.859510803222656250e+01,8.771803283691406250e+01,8.749456787109375000e+01,8.722891235351562500e+01,8.684647369384765625e+01,8.640760803222656250e+01,8.593112945556640625e+01,8.543018341064453125e+01,8.491336822509765625e+01,8.437142944335937500e+01,8.382749176025390625e+01,8.328337860107421875e+01,8.274031829833984375e+01,8.219921112060546875e+01,8.166071319580078125e+01,8.112528991699218750e+01,8.059330749511718750e+01,8.006501007080078125e+01,7.954058837890625000e+01,7.902026367187500000e+01,7.850431060791015625e+01,7.799314117431640625e+01,7.748733520507812500e+01,7.698757171630859375e+01,7.649456787109375000e+01,7.600891113281250000e+01,7.553081512451171875e+01,7.505998229980468750e+01,7.459549713134765625e+01,7.413593292236328125e+01,7.367960357666015625e+01,7.322476959228515625e+01,7.276988983154296875e+01,7.231372070312500000e+01,7.185545349121093750e+01,7.139469909667968750e+01,7.093150329589843750e+01,7.046632385253906250e+01,7.000000000000000000e+01
-9.999899902343750000e+02,9.262216186523437500e+01,9.253110504150390625e+01,9.237858581542968750e+01,9.216502380371093750e+01,9.189025115966796875e+01,9.155310058593750000e+01,9.115138244628906250e+01,9.068201446533203125e+01,9.014222717285156250e+01,8.953376770019531250e+01,8.887673187255859375e+01,8.824539947509765625e+01,8.780516052246093750e+01,8.739569091796875000e+01,8.694315338134765625e+01,8.647295379638671875e+01,8.598368835449218750e+01,8.547887420654296875e+01,8.496254730224609375e+01,8.442289733886718750e+01,8.388224792480468750e+01,8.334175872802734375e+01,8.280232238769531250e+01,8.226464843750000000e+01,8.172930145263671875e+01,8.119673156738281250e+01,8.066729736328125000e+01,8.014128875732421875e+01,7.961894226074218750e+01,7.910050964355468750e+01,7.858625030517578125e+01,7.807651519775390625e+01,7.757169342041015625e+01,7.707224273681640625e+01,7.657855224609375000e+01,7.609088897705078125e+01,7.560926818847656250e+01,7.513334655761718750e+01,7.466239166259765625e+01,7.419536590576171875e+01,7.373101806640625000e+01,7.326807403564453125e+01,7.280533599853515625e+01,7.234182739257812500e+01,7.187686157226562500e+01,7.141006469726562500e+01,7.094139099121093750e+01,7.047115325927734375e+01,7.000000000000000000e+01
-9.999899902343750000e+02,-9.999899902343750000e+02,9.244554138183593750e+01,9.228822326660156250e+01,9.207623291015625000e+01,9.180938720703125000e+01,9.148692321777343750e+01,9.110796356201171875e+01,9.067223358154296875e+01,9.018173980712890625e+01,8.964435577392578125e+01,8.908028411865234375e+01,8.852889251708984375e+01,8.803443145751953125e+01,8.755528259277343750e+01,8.705277252197265625e+01,8.655246734619140625e+01,8.604674530029296875e+01,8.553381347656250000e+01,8.501430511474609375e+01,8.447406768798828125e+01,8.393447113037109375e+01,8.339590454101562500e+01,8.285879516601562500e+01,8.232357025146484375e+01,8.179061889648437500e+01,8.126029968261718750e+01,8.073292541503906250e+01,8.020877075195312500e+01,7.968806457519531250e+01,7.917105865478515625e+01,7.865797424316406250e+01,7.814908599853515625e+01,7.764466857910156250e+01,7.714498901367187500e+01,7.665026092529296875e+01,7.616056823730468750e+01,7.567580413818359375e+01,7.519562530517578125e+01,7.471943664550781250e+01,7.424642944335937500e+01,7.377565765380859375e+01,7.330612182617187500e+01,7.283691406250000000e+01,7.236722564697265625e+01,7.189646911621093750e+01,7.142430114746093750e+01,7.095064544677734375e+01,7.047570800781250000e+01,7.000000000000000000e+01
-9.999899902343750000e+02,-9.999899902343750000e+02,-9.999899902343750000e+02,9.220668792724609375e+01,9.199620819091796875e+01,9.173757171630859375e+01,9.143015289306640625e+01,9.107357788085937500e+01,9.066868591308593750e+01,9.021879577636718750e+01,8.973143768310546875e+01,8.922029876708984375e+01,8.870441436767578125e+01,8.819767761230468750e+01,8.768739318847656250e+01,8.715493774414062500e+01,8.663221740722656250e+01,8.611170959472656250e+01,8.558993530273437500e+01,8.506569671630859375e+01,8.452324676513671875e+01,8.398323822021484375e+01,8.344534301757812500e+01,8.290952301025390625e+01,8.237590026855468750e+01,8.184466552734375000e+01,8.131604003906250000e+01,8.079026031494140625e+01,8.026753997802734375e+01,7.974810028076171875e+01,7.923212432861328125e+01,7.871982574462890625e+01,7.821139526367187500e+01,7.770701599121093750e+01,7.720684814453125000e+01,7.671096801757812500e+01,7.621936035156250000e+01,7.573187255859375000e+01,7.524815368652343750e+01,7.476771545410156250e+01,7.428988647460937500e+01,7.381392669677734375e+01,7.333905029296875000e+01,7.286450958251953125e+01,7.238964080810546875e+01,7.191394805908203125e+01,7.143711090087890625e+01,7.095902252197265625e+01,7.047985076904296875e+01,7.000000000000000000e+01
-9.999899902343750000e+02,-9.999899902343750000e+02,-9.999899902343750000e+02,-9.999899902343750000e+02,9.191797637939453125e+01,9.166799926757812500e+01,9.137550354003906250e+01,9.103990173339843750e+01,9.066193389892578125e+01,9.024440002441406250e+01,8.979272460937500000e+01,8.931498718261718750e+01,8.882028961181640625e+01,8.831375885009765625e+01,8.779064941406250000e+01,8.724176788330078125e+01,8.670427703857421875e+01,8.617249298095703125e+01,8.564295196533203125e+01,8.511389160156250000e+01,8.456863403320312500e+01,8.402741241455078125e+01,8.348938751220703125e+01,8.295412445068359375e+01,8.242144775390625000e+01,8.189136505126953125e+01,8.136395263671875000e+01,8.083934783935546875e+01,8.031771087646484375e+01,7.979919433593750000e+01,7.928395843505859375e+01,7.877216339111328125e+01,7.826393890380859375e+01,7.775939941406250000e+01,7.725862884521484375e+01,7.676162719726562500e+01,7.626831817626953125e+01,7.577851104736328125e+01,7.529187774658203125e+01,7.480799102783203125e+01,7.432630157470703125e+01,7.384617614746093750e+01,7.336698150634765625e+01,7.288808441162109375e+01,7.240894317626953125e+01,7.192910766601562500e+01,7.144828796386718750e+01,7.096637725830078125e+01,7.048348999023437500e+01,7.000000000000000000e+01
-9.999899902343750000e+02,-9.999899902343750000e+02,-9.999899902343750000e+02,-9.999899902343750000e+02,-9.999899902343750000e+02,9.159410858154296875e+01,9.131696319580078125e+01,9.100111389160156250e+01,9.064672851562500000e+01,9.025558471679687500e+01,8.983090972900390625e+01,8.937691497802734375e+01,8.889784240722656250e+01,8.839573669433593750e+01,8.786853027343750000e+01,8.731142425537109375e+01,8.676499176025390625e+01,8.622538757324218750e+01,8.568983459472656250e+01,8.515660095214843750e+01,8.460859680175781250e+01,8.406590270996093750e+01,8.352732849121093750e+01,8.299214172363281250e+01,8.245996093750000000e+01,8.193059539794921875e+01,8.140400695800781250e+01,8.088023376464843750e+01,8.035937500000000000e+01,7.984151458740234375e+01,7.932678985595703125e+01,7.881529235839843750e+01,7.830711364746093750e+01,7.780233001708984375e+01,7.730094909667968750e+01,7.680294036865234375e+01,7.630817413330078125e+01,7.581645965576171875e+01,7.532748413085937500e+01,7.484085083007812500e+01,7.435608673095703125e+01,7.387266540527343750e+01,7.339003753662109375e+01,7.290766143798828125e+01,7.242505645751953125e+01,7.194183349609375000e+01,7.145771789550781250e+01,7.097260284423828125e+01,7.048657989501953125e+01,7.000000000000000000e+01
-9.999899902343750000e+02,-9.999899902343750000e+02,-9.999899902343750000e+02,-9.999899902343750000e+02,-9.999899902343750000e+02,-9.999899902343750000e+02,9.124983215332031250e+01,9.095348358154296875e+01,9.062043762207031250e+01,9.025192260742187500e+01,8.984951019287109375e+01,8.941444396972656250e+01,8.894838714599609375e+01,8.845224761962890625e+01,8.792510986328125000e+01,8.736450195312500000e+01,8.681308746337890625e+01,8.626847076416015625e+01,8.572866821289062500e+01,8.519218444824218750e+01,8.464186096191406250e+01,8.409776306152343750e+01,8.355849456787109375e+01,8.302314758300781250e+01,8.249115753173828125e+01,8.196221160888671875e+01,8.143615722656250000e+01,8.091294860839843750e+01,8.039261627197265625e+01,7.987520599365234375e+01,7.936080932617187500e+01,7.884947967529296875e+01,7.834127807617187500e+01,7.783621978759765625e+01,7.733429718017578125e+01,7.683543395996093750e+01,7.633950042724609375e+01,7.584626770019531250e+01,7.535546112060546875e+01,7.486670684814453125e+01,7.437958526611328125e+01,7.389362335205078125e+01,7.340834045410156250e+01,7.292325592041015625e+01,7.243794250488281250e+01,7.195204925537109375e+01,7.146530914306640625e+01,7.097762298583984375e+01,7.048908233642578125e+01,7.000000000000000000e+01
-9.999899902343750000e+02,-9.999899902343750000e+02,-9.999899902343750000e+02,-9.999899902343750000e+02,-9.999899902343750000e+02,-9.999899902343750000e+02,-9.999899902343750000e+02,9.089485931396484375e+01,9.058188629150390625e+01,9.023390960693359375e+01,8.985202789306640625e+01,8.943368530273437500e+01,8.897911834716796875e+01,8.848921203613281250e+01,8.796398925781250000e+01,8.740241241455078125e+01,8.684851074218750000e+01,8.630092620849609375e+01,8.575833892822265625e+01,8.521958160400390625e+01,8.466749572753906250e+01,8.412225341796875000e+01,8.358234405517578125e+01,8.304675292968750000e+01,8.251480102539062500e+01,8.198606872558593750e+01,8.146033477783203125e+01,8.093748474121093750e+01,8.041749572753906250e+01,7.990038299560546875e+01,7.938618469238281250e+01,7.887493896484375000e+01,7.836666870117187500e+01,7.786138153076171875e+01,7.735901641845703125e+01,7.685950469970703125e+01,7.636267089843750000e+01,7.586832427978515625e+01,7.537615966796875000e+01,7.488585662841796875e+01,7.439701080322265625e+01,7.390920257568359375e+01,7.342198181152343750e+01,7.293491363525390625e+01,7.244760894775390625e+01,7.195972442626953125e+01,7.147103118896484375e+01,7.098142242431640625e+01,7.049097442626953125e+01,7.000000000000000000e+01
-9.999899902343750000e+02,-9.999899902343750000e+02,-9.999899902343750000e+02,-9.999899902343750000e+02,-9.999899902343750000e+02,-9.999899902343750000e+02,-9.999899902343750000e+02,-9.999899902343750000e+02,9.053028106689453125e+01,9.020172119140625000e+01,8.984239196777343750e+01,8.943997955322265625e+01,8.899539947509765625e+01,8.851100158691406250e+01,8.798808288574218750e+01,8.742665863037109375e+01,8.687168884277343750e+01,8.632253265380859375e+01,8.577830505371093750e+01,8.523812103271484375e+01,8.468488311767578125e+01,8.413884735107421875e+01,8.359846496582031250e+01,8.306266021728515625e+01,8.253067779541015625e+01,8.200204467773437500e+01,8.147648620605468750e+01,8.095384979248046875e+01,8.043405914306640625e+01,7.991712188720703125e+01,7.940303802490234375e+01,7.889183044433593750e+01,7.838349914550781250e+01,7.787803649902343750e+01,7.737536621093750000e+01,7.687540435791015625e+01,7.637798309326171875e+01,7.588288116455078125e+01,7.538983917236328125e+01,7.489851379394531250e+01,7.440854644775390625e+01,7.391952514648437500e+01,7.343103027343750000e+01,7.294266510009765625e+01,7.245404815673828125e+01,7.196485137939453125e+01,7.147485351562500000e+01,7.098395538330078125e+01,7.049224090576171875e+01,7.000000000000000000e+01
-9.999899902343750000e+02,-9.999899902343750000e+02,-9.999899902343750000e+02,-9.999899902343750000e+02,-9.999899902343750000e+02,-9.999899902343750000e+02,-9.999899902343750000e+02,-9.999899902343750000e+02,-9.999899902343750000e+02,9.015190124511718750e+01,8.982739257812500000e+01,8.943936920166015625e+01,8.900179290771484375e+01,8.852090454101562500e+01,8.799951934814453125e+01,8.743844604492187500e+01,8.688312530517578125e+01,8.633329772949218750e+01,8.578833007812500000e+01,8.524746704101562500e+01,8.469366455078125000e+01,8.414722442626953125e+01,8.360659790039062500e+01,8.307066345214843750e+01,8.253865051269531250e+01,8.201005554199218750e+01,8.148457336425781250e+01,8.096202850341796875e+01,8.044233703613281250e+01,7.992547607421875000e+01,7.941144561767578125e+01,7.890024566650390625e+01,7.839188385009765625e+01,7.788632202148437500e+01,7.738350677490234375e+01,7.688331604003906250e+01,7.638559722900390625e+01,7.589012145996093750e+01,7.539663696289062500e+01,7.490480804443359375e+01,7.441428375244140625e+01,7.392466735839843750e+01,7.343554687500000000e+01,7.294653320312500000e+01,7.245726013183593750e+01,7.196741485595703125e+01,7.147676849365234375e+01,7.098522949218750000e+01,7.049287414550781250e+01,7.000000000000000000e+01
-9.999899902343750000e+02,-9.999899902343750000e+02,-9.999899902343750000e+02,-9.999899902343750000e+02,-9.999899902343750000e+02,-9.999899902343750000e+02,-9.999899902343750000e+02,-9.999899902343750000e+02,-9.999899902343750000e+02,-9.999899902343750000e+02,-9.999899902343750000e+02,-9.999899902343750000e+02,-9.999899902343750000e+02,-9.999899902343750000e+02,-9.999899902343750000e+02,-9.999899902343750000e+02,-9.999899902343750000e+02,-9.999899902343750000e+02,-9.999899902343750000e+02,-9.999899902343750000e+02,-9.999899902343750000e+02,-9.999899902343750000e+02,-9.999899902343750000e+02,-9.999899902343750000e+02,-9.999899902343750000e+02,-9.999899902343750000e+02,-9.999899902343750000e+02,-9.999899902343750000e+02,-9.999899902343750000e+02,-9.999899902343750000e+02,-9.999899902343750000e+02,-9.999899902343750000e+02,-9.999899902343750000e+02,-9.999899902343750000e+02,-9.999899902343750000e+02,-9.999899902343750000e+02,-9.999899902343750000e+02,-9.999899902343750000e+02,-9.999899902343750000e+02,-9.999899902343750000e+02,-9.999899902343750000e+02,-9.999899902343750000e+02,-9.999899902343750000e+02,-9.999899902343750000e+02,-9.999899902343750000e+02,-9.999899902343750000e+02,-9.999899902343750000e+02,-9.999899902343750000e+02,-9.999899902343750000e+02,7.000000000000000000e+01
